file,line,type,commit,author,date,time,timezone,datetime,depth,length
style.css,1,css,ea8c25b3,Kevin Lin,2025-01-08,23:03:46,-08:00,2025-01-08T23:03:46-08:00,0,5
style.css,2,css,bc240de1,Kevin Lin,2025-01-15,22:40:16,-08:00,2025-01-15T22:40:16-08:00,0,24
style.css,3,css,bd336402,Kevin Lin,2025-01-16,19:05:10,-08:00,2025-01-16T19:05:10-08:00,0,16
style.css,4,css,bc240de1,Kevin Lin,2025-01-15,22:40:16,-08:00,2025-01-15T22:40:16-08:00,0,19
style.css,5,css,bc240de1,Kevin Lin,2025-01-15,22:40:16,-08:00,2025-01-15T22:40:16-08:00,0,14
style.css,6,css,bc240de1,Kevin Lin,2025-01-15,22:40:16,-08:00,2025-01-15T22:40:16-08:00,0,0
style.css,7,css,bc240de1,Kevin Lin,2025-01-15,22:40:16,-08:00,2025-01-15T22:40:16-08:00,0,0
style.css,8,css,bc240de1,Kevin Lin,2025-01-15,22:40:16,-08:00,2025-01-15T22:40:16-08:00,0,15
style.css,9,css,bc240de1,Kevin Lin,2025-01-15,22:40:16,-08:00,2025-01-15T22:40:16-08:00,0,17
style.css,10,css,bc240de1,Kevin Lin,2025-01-15,22:40:16,-08:00,2025-01-15T22:40:16-08:00,0,0
style.css,11,css,bc240de1,Kevin Lin,2025-01-15,22:40:16,-08:00,2025-01-15T22:40:16-08:00,0,0
style.css,12,css,bc240de1,Kevin Lin,2025-01-15,22:40:16,-08:00,2025-01-15T22:40:16-08:00,0,4
style.css,13,css,745ada14,Kevin Lin,2025-01-22,22:36:44,-08:00,2025-01-22T22:36:44-08:00,0,40
style.css,14,css,bc240de1,Kevin Lin,2025-01-15,22:40:16,-08:00,2025-01-15T22:40:16-08:00,0,13
style.css,15,css,bc240de1,Kevin Lin,2025-01-15,22:40:16,-08:00,2025-01-15T22:40:16-08:00,0,19
style.css,16,css,bc240de1,Kevin Lin,2025-01-15,22:40:16,-08:00,2025-01-15T22:40:16-08:00,0,24
style.css,17,css,bc240de1,Kevin Lin,2025-01-15,22:40:16,-08:00,2025-01-15T22:40:16-08:00,0,26
style.css,18,css,745ada14,Kevin Lin,2025-01-22,22:36:44,-08:00,2025-01-22T22:36:44-08:00,0,40
style.css,19,css,745ada14,Kevin Lin,2025-01-22,22:36:44,-08:00,2025-01-22T22:36:44-08:00,0,12
style.css,20,css,bc240de1,Kevin Lin,2025-01-15,22:40:16,-08:00,2025-01-15T22:40:16-08:00,0,0
style.css,21,css,bc240de1,Kevin Lin,2025-01-15,22:40:16,-08:00,2025-01-15T22:40:16-08:00,0,0
style.css,22,css,bc240de1,Kevin Lin,2025-01-15,22:40:16,-08:00,2025-01-15T22:40:16-08:00,0,6
style.css,23,css,bc240de1,Kevin Lin,2025-01-15,22:40:16,-08:00,2025-01-15T22:40:16-08:00,0,7
style.css,24,css,bc240de1,Kevin Lin,2025-01-15,22:40:16,-08:00,2025-01-15T22:40:16-08:00,0,21
style.css,25,css,bc240de1,Kevin Lin,2025-01-15,22:40:16,-08:00,2025-01-15T22:40:16-08:00,0,18
style.css,26,css,bc240de1,Kevin Lin,2025-01-15,22:40:16,-08:00,2025-01-15T22:40:16-08:00,0,14
style.css,27,css,daf1b536,Kevin Lin,2025-01-15,23:43:21,-08:00,2025-01-15T23:43:21-08:00,0,38
style.css,28,css,745ada14,Kevin Lin,2025-01-22,22:36:44,-08:00,2025-01-22T22:36:44-08:00,0,15
style.css,29,css,bc240de1,Kevin Lin,2025-01-15,22:40:16,-08:00,2025-01-15T22:40:16-08:00,0,0
style.css,30,css,bc240de1,Kevin Lin,2025-01-15,22:40:16,-08:00,2025-01-15T22:40:16-08:00,0,0
style.css,31,css,bc240de1,Kevin Lin,2025-01-15,22:40:16,-08:00,2025-01-15T22:40:16-08:00,0,14
style.css,32,css,daf1b536,Kevin Lin,2025-01-15,23:43:21,-08:00,2025-01-15T23:43:21-08:00,0,26
style.css,33,css,bc240de1,Kevin Lin,2025-01-15,22:40:16,-08:00,2025-01-15T22:40:16-08:00,0,38
style.css,34,css,bc240de1,Kevin Lin,2025-01-15,22:40:16,-08:00,2025-01-15T22:40:16-08:00,0,21
style.css,35,css,745ada14,Kevin Lin,2025-01-22,22:36:44,-08:00,2025-01-22T22:36:44-08:00,0,11
style.css,36,css,daf1b536,Kevin Lin,2025-01-15,23:43:21,-08:00,2025-01-15T23:43:21-08:00,0,27
style.css,37,css,bc240de1,Kevin Lin,2025-01-15,22:40:16,-08:00,2025-01-15T22:40:16-08:00,0,0
style.css,38,css,bc240de1,Kevin Lin,2025-01-15,22:40:16,-08:00,2025-01-15T22:40:16-08:00,0,0
style.css,39,css,bc240de1,Kevin Lin,2025-01-15,22:40:16,-08:00,2025-01-15T22:40:16-08:00,0,4
style.css,40,css,bc240de1,Kevin Lin,2025-01-15,22:40:16,-08:00,2025-01-15T22:40:16-08:00,0,32
style.css,41,css,745ada14,Kevin Lin,2025-01-22,22:36:44,-08:00,2025-01-22T22:36:44-08:00,0,24
style.css,42,css,bc240de1,Kevin Lin,2025-01-15,22:40:16,-08:00,2025-01-15T22:40:16-08:00,0,0
style.css,43,css,bc240de1,Kevin Lin,2025-01-15,22:40:16,-08:00,2025-01-15T22:40:16-08:00,0,0
style.css,44,css,bc240de1,Kevin Lin,2025-01-15,22:40:16,-08:00,2025-01-15T22:40:16-08:00,0,5
style.css,45,css,bc240de1,Kevin Lin,2025-01-15,22:40:16,-08:00,2025-01-15T22:40:16-08:00,0,33
style.css,46,css,bc240de1,Kevin Lin,2025-01-15,22:40:16,-08:00,2025-01-15T22:40:16-08:00,0,0
style.css,47,css,bc240de1,Kevin Lin,2025-01-15,22:40:16,-08:00,2025-01-15T22:40:16-08:00,0,0
style.css,48,css,daf1b536,Kevin Lin,2025-01-15,23:43:21,-08:00,2025-01-15T23:43:21-08:00,0,8
style.css,49,css,daf1b536,Kevin Lin,2025-01-15,23:43:21,-08:00,2025-01-15T23:43:21-08:00,0,40
style.css,50,css,745ada14,Kevin Lin,2025-01-22,22:36:44,-08:00,2025-01-22T22:36:44-08:00,0,70
style.css,51,css,bd336402,Kevin Lin,2025-01-16,19:05:10,-08:00,2025-01-16T19:05:10-08:00,0,0
style.css,52,css,bd336402,Kevin Lin,2025-01-16,19:05:10,-08:00,2025-01-16T19:05:10-08:00,0,0
style.css,53,css,bd336402,Kevin Lin,2025-01-16,19:05:10,-08:00,2025-01-16T19:05:10-08:00,0,5
style.css,54,css,bd336402,Kevin Lin,2025-01-16,19:05:10,-08:00,2025-01-16T19:05:10-08:00,0,13
style.css,55,css,bd336402,Kevin Lin,2025-01-16,19:05:10,-08:00,2025-01-16T19:05:10-08:00,0,31
style.css,56,css,bd336402,Kevin Lin,2025-01-16,19:05:10,-08:00,2025-01-16T19:05:10-08:00,0,8
style.css,57,css,bd336402,Kevin Lin,2025-01-16,19:05:10,-08:00,2025-01-16T19:05:10-08:00,0,0
style.css,58,css,bd336402,Kevin Lin,2025-01-16,19:05:10,-08:00,2025-01-16T19:05:10-08:00,0,0
style.css,59,css,bd336402,Kevin Lin,2025-01-16,19:05:10,-08:00,2025-01-16T19:05:10-08:00,0,7
style.css,60,css,bd336402,Kevin Lin,2025-01-16,19:05:10,-08:00,2025-01-16T19:05:10-08:00,0,19
style.css,61,css,bd336402,Kevin Lin,2025-01-16,19:05:10,-08:00,2025-01-16T19:05:10-08:00,0,0
style.css,62,css,bd336402,Kevin Lin,2025-01-16,19:05:10,-08:00,2025-01-16T19:05:10-08:00,0,0
style.css,63,css,bd336402,Kevin Lin,2025-01-16,19:05:10,-08:00,2025-01-16T19:05:10-08:00,0,10
style.css,64,css,bd336402,Kevin Lin,2025-01-16,19:05:10,-08:00,2025-01-16T19:05:10-08:00,0,13
style.css,65,css,bd336402,Kevin Lin,2025-01-16,19:05:10,-08:00,2025-01-16T19:05:10-08:00,0,59
style.css,66,css,bd336402,Kevin Lin,2025-01-16,19:05:10,-08:00,2025-01-16T19:05:10-08:00,0,8
style.css,67,css,bd336402,Kevin Lin,2025-01-16,19:05:10,-08:00,2025-01-16T19:05:10-08:00,0,0
style.css,68,css,bd336402,Kevin Lin,2025-01-16,19:05:10,-08:00,2025-01-16T19:05:10-08:00,0,0
style.css,69,css,bd336402,Kevin Lin,2025-01-16,19:05:10,-08:00,2025-01-16T19:05:10-08:00,0,8
style.css,70,css,bd336402,Kevin Lin,2025-01-16,19:05:10,-08:00,2025-01-16T19:05:10-08:00,0,13
style.css,71,css,bd336402,Kevin Lin,2025-01-16,19:05:10,-08:00,2025-01-16T19:05:10-08:00,0,27
style.css,72,css,bd336402,Kevin Lin,2025-01-16,19:05:10,-08:00,2025-01-16T19:05:10-08:00,0,16
style.css,73,css,bd336402,Kevin Lin,2025-01-16,19:05:10,-08:00,2025-01-16T19:05:10-08:00,0,8
style.css,74,css,bd336402,Kevin Lin,2025-01-16,19:05:10,-08:00,2025-01-16T19:05:10-08:00,0,0
style.css,75,css,bd336402,Kevin Lin,2025-01-16,19:05:10,-08:00,2025-01-16T19:05:10-08:00,0,0
style.css,76,css,bd336402,Kevin Lin,2025-01-16,19:05:10,-08:00,2025-01-16T19:05:10-08:00,0,3
style.css,77,css,bd336402,Kevin Lin,2025-01-16,19:05:10,-08:00,2025-01-16T19:05:10-08:00,0,9
style.css,78,css,bd336402,Kevin Lin,2025-01-16,19:05:10,-08:00,2025-01-16T19:05:10-08:00,0,0
style.css,79,css,bd336402,Kevin Lin,2025-01-16,19:05:10,-08:00,2025-01-16T19:05:10-08:00,0,0
style.css,80,css,bd336402,Kevin Lin,2025-01-16,19:05:10,-08:00,2025-01-16T19:05:10-08:00,0,18
style.css,81,css,bd336402,Kevin Lin,2025-01-16,19:05:10,-08:00,2025-01-16T19:05:10-08:00,0,16
style.css,82,css,bd336402,Kevin Lin,2025-01-16,19:05:10,-08:00,2025-01-16T19:05:10-08:00,0,18
style.css,83,css,bd336402,Kevin Lin,2025-01-16,19:05:10,-08:00,2025-01-16T19:05:10-08:00,0,0
style.css,84,css,bd336402,Kevin Lin,2025-01-16,19:05:10,-08:00,2025-01-16T19:05:10-08:00,0,0
style.css,85,css,ce4e57f8,Kevin Lin,2025-01-16,20:02:41,-08:00,2025-01-16T20:02:41-08:00,0,5
style.css,86,css,ce4e57f8,Kevin Lin,2025-01-16,20:02:41,-08:00,2025-01-16T20:02:41-08:00,0,18
style.css,87,css,ce4e57f8,Kevin Lin,2025-01-16,20:02:41,-08:00,2025-01-16T20:02:41-08:00,0,0
style.css,88,css,ce4e57f8,Kevin Lin,2025-01-16,20:02:41,-08:00,2025-01-16T20:02:41-08:00,0,0
style.css,89,css,bd336402,Kevin Lin,2025-01-16,19:05:10,-08:00,2025-01-16T19:05:10-08:00,0,10
style.css,90,css,ce4e57f8,Kevin Lin,2025-01-16,20:02:41,-08:00,2025-01-16T20:02:41-08:00,0,29
style.css,91,css,bd336402,Kevin Lin,2025-01-16,19:05:10,-08:00,2025-01-16T19:05:10-08:00,0,0
style.css,92,css,ce4e57f8,Kevin Lin,2025-01-16,20:02:41,-08:00,2025-01-16T20:02:41-08:00,0,0
style.css,93,css,745ada14,Kevin Lin,2025-01-22,22:36:44,-08:00,2025-01-22T22:36:44-08:00,0,14
style.css,94,css,745ada14,Kevin Lin,2025-01-22,22:36:44,-08:00,2025-01-22T22:36:44-08:00,0,18
style.css,95,css,745ada14,Kevin Lin,2025-01-22,22:36:44,-08:00,2025-01-22T22:36:44-08:00,0,9
style.css,96,css,745ada14,Kevin Lin,2025-01-22,22:36:44,-08:00,2025-01-22T22:36:44-08:00,0,11
style.css,97,css,745ada14,Kevin Lin,2025-01-22,22:36:44,-08:00,2025-01-22T22:36:44-08:00,0,14
style.css,98,css,745ada14,Kevin Lin,2025-01-22,22:36:44,-08:00,2025-01-22T22:36:44-08:00,0,20
style.css,99,css,745ada14,Kevin Lin,2025-01-22,22:36:44,-08:00,2025-01-22T22:36:44-08:00,0,0
style.css,100,css,ce4e57f8,Kevin Lin,2025-01-16,20:02:41,-08:00,2025-01-16T20:02:41-08:00,0,0
style.css,101,css,745ada14,Kevin Lin,2025-01-22,22:36:44,-08:00,2025-01-22T22:36:44-08:00,0,21
style.css,102,css,745ada14,Kevin Lin,2025-01-22,22:36:44,-08:00,2025-01-22T22:36:44-08:00,0,18
style.css,103,css,745ada14,Kevin Lin,2025-01-22,22:36:44,-08:00,2025-01-22T22:36:44-08:00,0,15
style.css,104,css,745ada14,Kevin Lin,2025-01-22,22:36:44,-08:00,2025-01-22T22:36:44-08:00,0,0
style.css,105,css,ce4e57f8,Kevin Lin,2025-01-16,20:02:41,-08:00,2025-01-16T20:02:41-08:00,0,0
style.css,106,css,d5ebeca2,Kevin Lin,2025-01-31,15:07:30,-08:00,2025-01-31T15:07:30-08:00,0,15
style.css,107,css,d5ebeca2,Kevin Lin,2025-01-31,15:07:30,-08:00,2025-01-31T15:07:30-08:00,0,19
style.css,108,css,d5ebeca2,Kevin Lin,2025-01-31,15:07:30,-08:00,2025-01-31T15:07:30-08:00,0,15
style.css,109,css,d5ebeca2,Kevin Lin,2025-01-31,15:07:30,-08:00,2025-01-31T15:07:30-08:00,0,18
style.css,110,css,d5ebeca2,Kevin Lin,2025-01-31,15:07:30,-08:00,2025-01-31T15:07:30-08:00,0,37
style.css,111,css,d5ebeca2,Kevin Lin,2025-01-31,15:07:30,-08:00,2025-01-31T15:07:30-08:00,0,16
style.css,112,css,d5ebeca2,Kevin Lin,2025-01-31,15:07:30,-08:00,2025-01-31T15:07:30-08:00,0,17
style.css,113,css,d5ebeca2,Kevin Lin,2025-01-31,15:07:30,-08:00,2025-01-31T15:07:30-08:00,0,0
style.css,114,css,d5ebeca2,Kevin Lin,2025-01-31,15:07:30,-08:00,2025-01-31T15:07:30-08:00,0,0
style.css,115,css,d5ebeca2,Kevin Lin,2025-01-31,15:07:30,-08:00,2025-01-31T15:07:30-08:00,0,18
style.css,116,css,d5ebeca2,Kevin Lin,2025-01-31,15:07:30,-08:00,2025-01-31T15:07:30-08:00,0,13
style.css,117,css,d5ebeca2,Kevin Lin,2025-01-31,15:07:30,-08:00,2025-01-31T15:07:30-08:00,0,37
style.css,118,css,d5ebeca2,Kevin Lin,2025-01-31,15:07:30,-08:00,2025-01-31T15:07:30-08:00,0,9
style.css,119,css,d5ebeca2,Kevin Lin,2025-01-31,15:07:30,-08:00,2025-01-31T15:07:30-08:00,0,9
style.css,120,css,d5ebeca2,Kevin Lin,2025-01-31,15:07:30,-08:00,2025-01-31T15:07:30-08:00,0,0
style.css,121,css,d5ebeca2,Kevin Lin,2025-01-31,15:07:30,-08:00,2025-01-31T15:07:30-08:00,0,0
style.css,122,css,d5ebeca2,Kevin Lin,2025-01-31,15:07:30,-08:00,2025-01-31T15:07:30-08:00,0,18
style.css,123,css,d5ebeca2,Kevin Lin,2025-01-31,15:07:30,-08:00,2025-01-31T15:07:30-08:00,0,17
style.css,124,css,d5ebeca2,Kevin Lin,2025-01-31,15:07:30,-08:00,2025-01-31T15:07:30-08:00,0,14
style.css,125,css,d5ebeca2,Kevin Lin,2025-01-31,15:07:30,-08:00,2025-01-31T15:07:30-08:00,0,0
style.css,126,css,ce4e57f8,Kevin Lin,2025-01-16,20:02:41,-08:00,2025-01-16T20:02:41-08:00,0,0
style.css,127,css,d5ebeca2,Kevin Lin,2025-01-31,15:07:30,-08:00,2025-01-31T15:07:30-08:00,0,18
style.css,128,css,d5ebeca2,Kevin Lin,2025-01-31,15:07:30,-08:00,2025-01-31T15:07:30-08:00,0,9
style.css,129,css,d5ebeca2,Kevin Lin,2025-01-31,15:07:30,-08:00,2025-01-31T15:07:30-08:00,0,11
style.css,130,css,d5ebeca2,Kevin Lin,2025-01-31,15:07:30,-08:00,2025-01-31T15:07:30-08:00,0,0
style.css,131,css,d5ebeca2,Kevin Lin,2025-01-31,15:07:30,-08:00,2025-01-31T15:07:30-08:00,0,0
style.css,132,css,bfe8eb49,Kevin Lin,2025-02-04,16:32:08,-08:00,2025-02-04T16:32:08-08:00,0,16
style.css,133,css,bfe8eb49,Kevin Lin,2025-02-04,16:32:08,-08:00,2025-02-04T16:32:08-08:00,0,16
style.css,134,css,bfe8eb49,Kevin Lin,2025-02-04,16:32:08,-08:00,2025-02-04T16:32:08-08:00,0,17
style.css,135,css,bfe8eb49,Kevin Lin,2025-02-04,16:32:08,-08:00,2025-02-04T16:32:08-08:00,0,14
style.css,136,css,bfe8eb49,Kevin Lin,2025-02-04,16:32:08,-08:00,2025-02-04T16:32:08-08:00,0,0
style.css,137,css,bfe8eb49,Kevin Lin,2025-02-04,16:32:08,-08:00,2025-02-04T16:32:08-08:00,0,0
style.css,138,css,bfe8eb49,Kevin Lin,2025-02-04,16:32:08,-08:00,2025-02-04T16:32:08-08:00,0,14
style.css,139,css,bfe8eb49,Kevin Lin,2025-02-04,16:32:08,-08:00,2025-02-04T16:32:08-08:00,0,15
style.css,140,css,bfe8eb49,Kevin Lin,2025-02-04,16:32:08,-08:00,2025-02-04T16:32:08-08:00,0,12
style.css,141,css,bfe8eb49,Kevin Lin,2025-02-04,16:32:08,-08:00,2025-02-04T16:32:08-08:00,0,17
style.css,142,css,bfe8eb49,Kevin Lin,2025-02-04,16:32:08,-08:00,2025-02-04T16:32:08-08:00,0,0
style.css,143,css,bfe8eb49,Kevin Lin,2025-02-04,16:32:08,-08:00,2025-02-04T16:32:08-08:00,0,0
style.css,144,css,30c2675f,Kevin Lin,2025-02-03,15:25:05,-08:00,2025-02-03T15:25:05-08:00,0,8
style.css,145,css,30c2675f,Kevin Lin,2025-02-03,15:25:05,-08:00,2025-02-03T15:25:05-08:00,0,13
style.css,146,css,30c2675f,Kevin Lin,2025-02-03,15:25:05,-08:00,2025-02-03T15:25:05-08:00,0,22
style.css,147,css,bfe8eb49,Kevin Lin,2025-02-04,16:32:08,-08:00,2025-02-04T16:32:08-08:00,0,8
style.css,148,css,30c2675f,Kevin Lin,2025-02-03,15:25:05,-08:00,2025-02-03T15:25:05-08:00,0,23
style.css,149,css,30c2675f,Kevin Lin,2025-02-03,15:25:05,-08:00,2025-02-03T15:25:05-08:00,0,0
style.css,150,css,30c2675f,Kevin Lin,2025-02-03,15:25:05,-08:00,2025-02-03T15:25:05-08:00,0,0
style.css,151,css,30c2675f,Kevin Lin,2025-02-03,15:25:05,-08:00,2025-02-03T15:25:05-08:00,0,14
style.css,152,css,bfe8eb49,Kevin Lin,2025-02-04,16:32:08,-08:00,2025-02-04T16:32:08-08:00,0,16
style.css,153,css,30c2675f,Kevin Lin,2025-02-03,15:25:05,-08:00,2025-02-03T15:25:05-08:00,0,18
style.css,154,css,30c2675f,Kevin Lin,2025-02-03,15:25:05,-08:00,2025-02-03T15:25:05-08:00,0,11
style.css,155,css,30c2675f,Kevin Lin,2025-02-03,15:25:05,-08:00,2025-02-03T15:25:05-08:00,0,31
style.css,156,css,30c2675f,Kevin Lin,2025-02-03,15:25:05,-08:00,2025-02-03T15:25:05-08:00,0,35
style.css,157,css,bfe8eb49,Kevin Lin,2025-02-04,16:32:08,-08:00,2025-02-04T16:32:08-08:00,0,16
style.css,158,css,bfe8eb49,Kevin Lin,2025-02-04,16:32:08,-08:00,2025-02-04T16:32:08-08:00,0,11
style.css,159,css,30c2675f,Kevin Lin,2025-02-03,15:25:05,-08:00,2025-02-03T15:25:05-08:00,0,0
style.css,160,css,30c2675f,Kevin Lin,2025-02-03,15:25:05,-08:00,2025-02-03T15:25:05-08:00,0,0
style.css,161,css,bfe8eb49,Kevin Lin,2025-02-04,16:32:08,-08:00,2025-02-04T16:32:08-08:00,0,15
style.css,162,css,30c2675f,Kevin Lin,2025-02-03,15:25:05,-08:00,2025-02-03T15:25:05-08:00,0,15
style.css,163,css,bfe8eb49,Kevin Lin,2025-02-04,16:32:08,-08:00,2025-02-04T16:32:08-08:00,0,11
style.css,164,css,30c2675f,Kevin Lin,2025-02-03,15:25:05,-08:00,2025-02-03T15:25:05-08:00,0,17
style.css,165,css,30c2675f,Kevin Lin,2025-02-03,15:25:05,-08:00,2025-02-03T15:25:05-08:00,0,17
style.css,166,css,30c2675f,Kevin Lin,2025-02-03,15:25:05,-08:00,2025-02-03T15:25:05-08:00,0,0
style.css,167,css,30c2675f,Kevin Lin,2025-02-03,15:25:05,-08:00,2025-02-03T15:25:05-08:00,0,0
style.css,168,css,bfe8eb49,Kevin Lin,2025-02-04,16:32:08,-08:00,2025-02-04T16:32:08-08:00,0,17
style.css,169,css,30c2675f,Kevin Lin,2025-02-03,15:25:05,-08:00,2025-02-03T15:25:05-08:00,0,13
style.css,170,css,bfe8eb49,Kevin Lin,2025-02-04,16:32:08,-08:00,2025-02-04T16:32:08-08:00,0,19
style.css,171,css,bfe8eb49,Kevin Lin,2025-02-04,16:32:08,-08:00,2025-02-04T16:32:08-08:00,0,27
style.css,172,css,bfe8eb49,Kevin Lin,2025-02-04,16:32:08,-08:00,2025-02-04T16:32:08-08:00,0,8
style.css,173,css,bfe8eb49,Kevin Lin,2025-02-04,16:32:08,-08:00,2025-02-04T16:32:08-08:00,0,16
style.css,174,css,bfe8eb49,Kevin Lin,2025-02-04,16:32:08,-08:00,2025-02-04T16:32:08-08:00,0,15
style.css,175,css,bfe8eb49,Kevin Lin,2025-02-04,16:32:08,-08:00,2025-02-04T16:32:08-08:00,0,0
style.css,176,css,bfe8eb49,Kevin Lin,2025-02-04,16:32:08,-08:00,2025-02-04T16:32:08-08:00,0,0
style.css,177,css,bfe8eb49,Kevin Lin,2025-02-04,16:32:08,-08:00,2025-02-04T16:32:08-08:00,0,4
style.css,178,css,bfe8eb49,Kevin Lin,2025-02-04,16:32:08,-08:00,2025-02-04T16:32:08-08:00,0,7
style.css,179,css,bfe8eb49,Kevin Lin,2025-02-04,16:32:08,-08:00,2025-02-04T16:32:08-08:00,0,11
style.css,180,css,bfe8eb49,Kevin Lin,2025-02-04,16:32:08,-08:00,2025-02-04T16:32:08-08:00,0,12
style.css,181,css,bfe8eb49,Kevin Lin,2025-02-04,16:32:08,-08:00,2025-02-04T16:32:08-08:00,0,14
style.css,182,css,bfe8eb49,Kevin Lin,2025-02-04,16:32:08,-08:00,2025-02-04T16:32:08-08:00,0,0
style.css,183,css,bfe8eb49,Kevin Lin,2025-02-04,16:32:08,-08:00,2025-02-04T16:32:08-08:00,0,0
style.css,184,css,bfe8eb49,Kevin Lin,2025-02-04,16:32:08,-08:00,2025-02-04T16:32:08-08:00,0,18
style.css,185,css,bfe8eb49,Kevin Lin,2025-02-04,16:32:08,-08:00,2025-02-04T16:32:08-08:00,0,7
style.css,186,css,bfe8eb49,Kevin Lin,2025-02-04,16:32:08,-08:00,2025-02-04T16:32:08-08:00,0,13
style.css,187,css,bfe8eb49,Kevin Lin,2025-02-04,16:32:08,-08:00,2025-02-04T16:32:08-08:00,0,22
style.css,188,css,bfe8eb49,Kevin Lin,2025-02-04,16:32:08,-08:00,2025-02-04T16:32:08-08:00,0,12
style.css,189,css,bfe8eb49,Kevin Lin,2025-02-04,16:32:08,-08:00,2025-02-04T16:32:08-08:00,0,22
style.css,190,css,bfe8eb49,Kevin Lin,2025-02-04,16:32:08,-08:00,2025-02-04T16:32:08-08:00,0,18
style.css,191,css,bfe8eb49,Kevin Lin,2025-02-04,16:32:08,-08:00,2025-02-04T16:32:08-08:00,0,25
style.css,192,css,bfe8eb49,Kevin Lin,2025-02-04,16:32:08,-08:00,2025-02-04T16:32:08-08:00,0,40
style.css,193,css,bfe8eb49,Kevin Lin,2025-02-04,16:32:08,-08:00,2025-02-04T16:32:08-08:00,0,23
style.css,194,css,d5ebeca2,Kevin Lin,2025-01-31,15:07:30,-08:00,2025-01-31T15:07:30-08:00,0,0
style.css,195,css,d5ebeca2,Kevin Lin,2025-01-31,15:07:30,-08:00,2025-01-31T15:07:30-08:00,0,0
style.css,196,css,30c2675f,Kevin Lin,2025-02-03,15:25:05,-08:00,2025-02-03T15:25:05-08:00,0,8
style.css,197,css,bfe8eb49,Kevin Lin,2025-02-04,16:32:08,-08:00,2025-02-04T16:32:08-08:00,0,7
style.css,198,css,bfe8eb49,Kevin Lin,2025-02-04,16:32:08,-08:00,2025-02-04T16:32:08-08:00,0,13
style.css,199,css,bfe8eb49,Kevin Lin,2025-02-04,16:32:08,-08:00,2025-02-04T16:32:08-08:00,0,15
style.css,200,css,bfe8eb49,Kevin Lin,2025-02-04,16:32:08,-08:00,2025-02-04T16:32:08-08:00,0,10
style.css,201,css,30c2675f,Kevin Lin,2025-02-03,15:25:05,-08:00,2025-02-03T15:25:05-08:00,0,10
style.css,202,css,bfe8eb49,Kevin Lin,2025-02-04,16:32:08,-08:00,2025-02-04T16:32:08-08:00,0,9
style.css,203,css,bfe8eb49,Kevin Lin,2025-02-04,16:32:08,-08:00,2025-02-04T16:32:08-08:00,0,0
style.css,204,css,d5ebeca2,Kevin Lin,2025-01-31,15:07:30,-08:00,2025-01-31T15:07:30-08:00,0,0
style.css,205,css,ce4e57f8,Kevin Lin,2025-01-16,20:02:41,-08:00,2025-01-16T20:02:41-08:00,0,0
style.css,206,css,30c2675f,Kevin Lin,2025-02-03,15:25:05,-08:00,2025-02-03T15:25:05-08:00,0,11
style.css,207,css,30c2675f,Kevin Lin,2025-02-03,15:25:05,-08:00,2025-02-03T15:25:05-08:00,0,13
style.css,208,css,30c2675f,Kevin Lin,2025-02-03,15:25:05,-08:00,2025-02-03T15:25:05-08:00,0,19
style.css,209,css,30c2675f,Kevin Lin,2025-02-03,15:25:05,-08:00,2025-02-03T15:25:05-08:00,0,10
style.css,210,css,30c2675f,Kevin Lin,2025-02-03,15:25:05,-08:00,2025-02-03T15:25:05-08:00,0,0
style.css,211,css,30c2675f,Kevin Lin,2025-02-03,15:25:05,-08:00,2025-02-03T15:25:05-08:00,0,0
style.css,212,css,30c2675f,Kevin Lin,2025-02-03,15:25:05,-08:00,2025-02-03T15:25:05-08:00,0,16
style.css,213,css,bfe8eb49,Kevin Lin,2025-02-04,16:32:08,-08:00,2025-02-04T16:32:08-08:00,0,7
style.css,214,css,bfe8eb49,Kevin Lin,2025-02-04,16:32:08,-08:00,2025-02-04T16:32:08-08:00,0,21
style.css,215,css,30c2675f,Kevin Lin,2025-02-03,15:25:05,-08:00,2025-02-03T15:25:05-08:00,0,10
style.css,216,css,30c2675f,Kevin Lin,2025-02-03,15:25:05,-08:00,2025-02-03T15:25:05-08:00,0,11
style.css,217,css,bfe8eb49,Kevin Lin,2025-02-04,16:32:08,-08:00,2025-02-04T16:32:08-08:00,0,18
style.css,218,css,bfe8eb49,Kevin Lin,2025-02-04,16:32:08,-08:00,2025-02-04T16:32:08-08:00,0,30
style.css,219,css,bfe8eb49,Kevin Lin,2025-02-04,16:32:08,-08:00,2025-02-04T16:32:08-08:00,0,0
style.css,220,css,bfe8eb49,Kevin Lin,2025-02-04,16:32:08,-08:00,2025-02-04T16:32:08-08:00,0,0
style.css,221,css,bfe8eb49,Kevin Lin,2025-02-04,16:32:08,-08:00,2025-02-04T16:32:08-08:00,0,18
style.css,222,css,bfe8eb49,Kevin Lin,2025-02-04,16:32:08,-08:00,2025-02-04T16:32:08-08:00,0,17
style.css,223,css,bfe8eb49,Kevin Lin,2025-02-04,16:32:08,-08:00,2025-02-04T16:32:08-08:00,0,12
style.css,224,css,bfe8eb49,Kevin Lin,2025-02-04,16:32:08,-08:00,2025-02-04T16:32:08-08:00,0,0
style.css,225,css,bfe8eb49,Kevin Lin,2025-02-04,16:32:08,-08:00,2025-02-04T16:32:08-08:00,0,0
style.css,226,css,bfe8eb49,Kevin Lin,2025-02-04,16:32:08,-08:00,2025-02-04T16:32:08-08:00,0,0
style.css,227,css,bfe8eb49,Kevin Lin,2025-02-04,16:32:08,-08:00,2025-02-04T16:32:08-08:00,0,5
style.css,228,css,bfe8eb49,Kevin Lin,2025-02-04,16:32:08,-08:00,2025-02-04T16:32:08-08:00,0,17
style.css,229,css,bfe8eb49,Kevin Lin,2025-02-04,16:32:08,-08:00,2025-02-04T16:32:08-08:00,0,15
style.css,230,css,30c2675f,Kevin Lin,2025-02-03,15:25:05,-08:00,2025-02-03T15:25:05-08:00,0,0
style.css,231,css,30c2675f,Kevin Lin,2025-02-03,15:25:05,-08:00,2025-02-03T15:25:05-08:00,0,0
style.css,232,css,bfe8eb49,Kevin Lin,2025-02-04,16:32:08,-08:00,2025-02-04T16:32:08-08:00,0,10
style.css,233,css,bfe8eb49,Kevin Lin,2025-02-04,16:32:08,-08:00,2025-02-04T16:32:08-08:00,0,36
style.css,234,css,30c2675f,Kevin Lin,2025-02-03,15:25:05,-08:00,2025-02-03T15:25:05-08:00,0,0
style.css,235,css,bfe8eb49,Kevin Lin,2025-02-04,16:32:08,-08:00,2025-02-04T16:32:08-08:00,0,11
style.css,236,css,bfe8eb49,Kevin Lin,2025-02-04,16:32:08,-08:00,2025-02-04T16:32:08-08:00,0,18
style.css,237,css,bfe8eb49,Kevin Lin,2025-02-04,16:32:08,-08:00,2025-02-04T16:32:08-08:00,0,0
style.css,238,css,5da1a666,Kevin Lin,2025-02-14,17:43:42,-08:00,2025-02-14T17:43:42-08:00,0,0
style.css,239,css,5da1a666,Kevin Lin,2025-02-14,17:43:42,-08:00,2025-02-14T17:43:42-08:00,0,0
style.css,240,css,5da1a666,Kevin Lin,2025-02-14,17:43:42,-08:00,2025-02-14T17:43:42-08:00,0,17
style.css,241,css,5da1a666,Kevin Lin,2025-02-14,17:43:42,-08:00,2025-02-14T17:43:42-08:00,0,13
style.css,242,css,5da1a666,Kevin Lin,2025-02-14,17:43:42,-08:00,2025-02-14T17:43:42-08:00,0,29
style.css,243,css,5da1a666,Kevin Lin,2025-02-14,17:43:42,-08:00,2025-02-14T17:43:42-08:00,0,19
style.css,244,css,5da1a666,Kevin Lin,2025-02-14,17:43:42,-08:00,2025-02-14T17:43:42-08:00,0,18
style.css,245,css,5da1a666,Kevin Lin,2025-02-14,17:43:42,-08:00,2025-02-14T17:43:42-08:00,0,17
style.css,246,css,5da1a666,Kevin Lin,2025-02-14,17:43:42,-08:00,2025-02-14T17:43:42-08:00,0,13
style.css,247,css,5da1a666,Kevin Lin,2025-02-14,17:43:42,-08:00,2025-02-14T17:43:42-08:00,0,19
style.css,248,css,5da1a666,Kevin Lin,2025-02-14,17:43:42,-08:00,2025-02-14T17:43:42-08:00,0,42
style.css,249,css,5da1a666,Kevin Lin,2025-02-14,17:43:42,-08:00,2025-02-14T17:43:42-08:00,0,10
style.css,250,css,5da1a666,Kevin Lin,2025-02-14,17:43:42,-08:00,2025-02-14T17:43:42-08:00,0,17
style.css,251,css,5da1a666,Kevin Lin,2025-02-14,17:43:42,-08:00,2025-02-14T17:43:42-08:00,0,0
style.css,252,css,5da1a666,Kevin Lin,2025-02-14,17:43:42,-08:00,2025-02-14T17:43:42-08:00,0,0
style.css,253,css,5da1a666,Kevin Lin,2025-02-14,17:43:42,-08:00,2025-02-14T17:43:42-08:00,0,7
style.css,254,css,5da1a666,Kevin Lin,2025-02-14,17:43:42,-08:00,2025-02-14T17:43:42-08:00,0,13
style.css,255,css,5da1a666,Kevin Lin,2025-02-14,17:43:42,-08:00,2025-02-14T17:43:42-08:00,0,19
style.css,256,css,5da1a666,Kevin Lin,2025-02-14,17:43:42,-08:00,2025-02-14T17:43:42-08:00,0,29
style.css,257,css,5da1a666,Kevin Lin,2025-02-14,17:43:42,-08:00,2025-02-14T17:43:42-08:00,0,11
style.css,258,css,5da1a666,Kevin Lin,2025-02-14,17:43:42,-08:00,2025-02-14T17:43:42-08:00,0,9
style.css,259,css,5da1a666,Kevin Lin,2025-02-14,17:43:42,-08:00,2025-02-14T17:43:42-08:00,0,0
style.css,260,css,5da1a666,Kevin Lin,2025-02-14,17:43:42,-08:00,2025-02-14T17:43:42-08:00,0,0
style.css,261,css,5da1a666,Kevin Lin,2025-02-14,17:43:42,-08:00,2025-02-14T17:43:42-08:00,0,10
style.css,262,css,5da1a666,Kevin Lin,2025-02-14,17:43:42,-08:00,2025-02-14T17:43:42-08:00,0,13
style.css,263,css,5da1a666,Kevin Lin,2025-02-14,17:43:42,-08:00,2025-02-14T17:43:42-08:00,0,22
style.css,264,css,5da1a666,Kevin Lin,2025-02-14,17:43:42,-08:00,2025-02-14T17:43:42-08:00,0,19
style.css,265,css,5da1a666,Kevin Lin,2025-02-14,17:43:42,-08:00,2025-02-14T17:43:42-08:00,0,0
style.css,266,css,5da1a666,Kevin Lin,2025-02-14,17:43:42,-08:00,2025-02-14T17:43:42-08:00,0,0
style.css,267,css,5da1a666,Kevin Lin,2025-02-14,17:43:42,-08:00,2025-02-14T17:43:42-08:00,0,10
style.css,268,css,5da1a666,Kevin Lin,2025-02-14,17:43:42,-08:00,2025-02-14T17:43:42-08:00,0,15
style.css,269,css,5da1a666,Kevin Lin,2025-02-14,17:43:42,-08:00,2025-02-14T17:43:42-08:00,0,11
style.css,270,css,5da1a666,Kevin Lin,2025-02-14,17:43:42,-08:00,2025-02-14T17:43:42-08:00,0,17
style.css,271,css,5da1a666,Kevin Lin,2025-02-14,17:43:42,-08:00,2025-02-14T17:43:42-08:00,0,25
style.css,272,css,5da1a666,Kevin Lin,2025-02-14,17:43:42,-08:00,2025-02-14T17:43:42-08:00,0,0
style.css,273,css,5da1a666,Kevin Lin,2025-02-14,17:43:42,-08:00,2025-02-14T17:43:42-08:00,0,0
style.css,274,css,5da1a666,Kevin Lin,2025-02-14,17:43:42,-08:00,2025-02-14T17:43:42-08:00,0,10
style.css,275,css,5da1a666,Kevin Lin,2025-02-14,17:43:42,-08:00,2025-02-14T17:43:42-08:00,0,15
style.css,276,css,5da1a666,Kevin Lin,2025-02-14,17:43:42,-08:00,2025-02-14T17:43:42-08:00,0,17
style.css,277,css,5da1a666,Kevin Lin,2025-02-14,17:43:42,-08:00,2025-02-14T17:43:42-08:00,0,9
style.css,278,css,5da1a666,Kevin Lin,2025-02-14,17:43:42,-08:00,2025-02-14T17:43:42-08:00,0,0
style.css,279,css,5da1a666,Kevin Lin,2025-02-14,17:43:42,-08:00,2025-02-14T17:43:42-08:00,0,0
style.css,280,css,5da1a666,Kevin Lin,2025-02-14,17:43:42,-08:00,2025-02-14T17:43:42-08:00,0,0
style.css,281,css,5da1a666,Kevin Lin,2025-02-14,17:43:42,-08:00,2025-02-14T17:43:42-08:00,0,15
style.css,282,css,5da1a666,Kevin Lin,2025-02-14,17:43:42,-08:00,2025-02-14T17:43:42-08:00,0,16
style.css,283,css,5da1a666,Kevin Lin,2025-02-14,17:43:42,-08:00,2025-02-14T17:43:42-08:00,0,12
style.css,284,css,5da1a666,Kevin Lin,2025-02-14,17:43:42,-08:00,2025-02-14T17:43:42-08:00,0,19
style.css,285,css,5da1a666,Kevin Lin,2025-02-14,17:43:42,-08:00,2025-02-14T17:43:42-08:00,0,27
style.css,286,css,5da1a666,Kevin Lin,2025-02-14,17:43:42,-08:00,2025-02-14T17:43:42-08:00,0,0
style.css,287,css,5da1a666,Kevin Lin,2025-02-14,17:43:42,-08:00,2025-02-14T17:43:42-08:00,0,0
style.css,288,css,5da1a666,Kevin Lin,2025-02-14,17:43:42,-08:00,2025-02-14T17:43:42-08:00,0,8
style.css,289,css,5da1a666,Kevin Lin,2025-02-14,17:43:42,-08:00,2025-02-14T17:43:42-08:00,0,13
style.css,290,css,5da1a666,Kevin Lin,2025-02-14,17:43:42,-08:00,2025-02-14T17:43:42-08:00,0,31
style.css,291,css,5da1a666,Kevin Lin,2025-02-14,17:43:42,-08:00,2025-02-14T17:43:42-08:00,0,14
style.css,292,css,5da1a666,Kevin Lin,2025-02-14,17:43:42,-08:00,2025-02-14T17:43:42-08:00,0,21
style.css,293,css,5da1a666,Kevin Lin,2025-02-14,17:43:42,-08:00,2025-02-14T17:43:42-08:00,0,9
style.css,294,css,5da1a666,Kevin Lin,2025-02-14,17:43:42,-08:00,2025-02-14T17:43:42-08:00,0,15
style.css,295,css,5da1a666,Kevin Lin,2025-02-14,17:43:42,-08:00,2025-02-14T17:43:42-08:00,0,36
style.css,296,css,5da1a666,Kevin Lin,2025-02-14,17:43:42,-08:00,2025-02-14T17:43:42-08:00,0,18
style.css,297,css,5da1a666,Kevin Lin,2025-02-14,17:43:42,-08:00,2025-02-14T17:43:42-08:00,0,19
style.css,298,css,5da1a666,Kevin Lin,2025-02-14,17:43:42,-08:00,2025-02-14T17:43:42-08:00,0,44
style.css,299,css,5da1a666,Kevin Lin,2025-02-14,17:43:42,-08:00,2025-02-14T17:43:42-08:00,0,26
style.css,300,css,5da1a666,Kevin Lin,2025-02-14,17:43:42,-08:00,2025-02-14T17:43:42-08:00,0,42
style.css,301,css,5da1a666,Kevin Lin,2025-02-14,17:43:42,-08:00,2025-02-14T17:43:42-08:00,0,0
style.css,302,css,5da1a666,Kevin Lin,2025-02-14,17:43:42,-08:00,2025-02-14T17:43:42-08:00,0,0
style.css,303,css,5da1a666,Kevin Lin,2025-02-14,17:43:42,-08:00,2025-02-14T17:43:42-08:00,0,9
style.css,304,css,5da1a666,Kevin Lin,2025-02-14,17:43:42,-08:00,2025-02-14T17:43:42-08:00,0,15
style.css,305,css,5da1a666,Kevin Lin,2025-02-14,17:43:42,-08:00,2025-02-14T17:43:42-08:00,0,8
style.css,306,css,5da1a666,Kevin Lin,2025-02-14,17:43:42,-08:00,2025-02-14T17:43:42-08:00,0,9
style.css,307,css,5da1a666,Kevin Lin,2025-02-14,17:43:42,-08:00,2025-02-14T17:43:42-08:00,0,13
style.css,308,css,5da1a666,Kevin Lin,2025-02-14,17:43:42,-08:00,2025-02-14T17:43:42-08:00,0,11
style.css,309,css,5da1a666,Kevin Lin,2025-02-14,17:43:42,-08:00,2025-02-14T17:43:42-08:00,0,0
style.css,310,css,5da1a666,Kevin Lin,2025-02-14,17:43:42,-08:00,2025-02-14T17:43:42-08:00,0,0
style.css,311,css,5da1a666,Kevin Lin,2025-02-14,17:43:42,-08:00,2025-02-14T17:43:42-08:00,0,0
style.css,312,css,5da1a666,Kevin Lin,2025-02-14,17:43:42,-08:00,2025-02-14T17:43:42-08:00,0,7
style.css,313,css,5da1a666,Kevin Lin,2025-02-14,17:43:42,-08:00,2025-02-14T17:43:42-08:00,0,17
style.css,314,css,5da1a666,Kevin Lin,2025-02-14,17:43:42,-08:00,2025-02-14T17:43:42-08:00,0,24
style.css,315,css,5da1a666,Kevin Lin,2025-02-14,17:43:42,-08:00,2025-02-14T17:43:42-08:00,0,23
style.css,316,css,5da1a666,Kevin Lin,2025-02-14,17:43:42,-08:00,2025-02-14T17:43:42-08:00,0,0
style.css,317,css,5da1a666,Kevin Lin,2025-02-14,17:43:42,-08:00,2025-02-14T17:43:42-08:00,0,0
style.css,318,css,5da1a666,Kevin Lin,2025-02-14,17:43:42,-08:00,2025-02-14T17:43:42-08:00,0,13
style.css,319,css,5da1a666,Kevin Lin,2025-02-14,17:43:42,-08:00,2025-02-14T17:43:42-08:00,0,21
style.css,320,css,5da1a666,Kevin Lin,2025-02-14,17:43:42,-08:00,2025-02-14T17:43:42-08:00,0,0
style.css,321,css,5da1a666,Kevin Lin,2025-02-14,17:43:42,-08:00,2025-02-14T17:43:42-08:00,0,0
style.css,322,css,5da1a666,Kevin Lin,2025-02-14,17:43:42,-08:00,2025-02-14T17:43:42-08:00,0,8
style.css,323,css,5da1a666,Kevin Lin,2025-02-14,17:43:42,-08:00,2025-02-14T17:43:42-08:00,0,25
style.css,324,css,5da1a666,Kevin Lin,2025-02-14,17:43:42,-08:00,2025-02-14T17:43:42-08:00,0,26
style.css,325,css,5da1a666,Kevin Lin,2025-02-14,17:43:42,-08:00,2025-02-14T17:43:42-08:00,0,40
style.css,326,css,5da1a666,Kevin Lin,2025-02-14,17:43:42,-08:00,2025-02-14T17:43:42-08:00,0,0
style.css,327,css,5da1a666,Kevin Lin,2025-02-14,17:43:42,-08:00,2025-02-14T17:43:42-08:00,0,0
style.css,328,css,5da1a666,Kevin Lin,2025-02-14,17:43:42,-08:00,2025-02-14T17:43:42-08:00,0,43
style.css,329,css,5da1a666,Kevin Lin,2025-02-14,17:43:42,-08:00,2025-02-14T17:43:42-08:00,0,10
style.css,330,css,5da1a666,Kevin Lin,2025-02-14,17:43:42,-08:00,2025-02-14T17:43:42-08:00,0,18
style.css,331,css,5da1a666,Kevin Lin,2025-02-14,17:43:42,-08:00,2025-02-14T17:43:42-08:00,0,0
style.css,332,css,5da1a666,Kevin Lin,2025-02-14,17:43:42,-08:00,2025-02-14T17:43:42-08:00,0,0
style.css,333,css,5da1a666,Kevin Lin,2025-02-14,17:43:42,-08:00,2025-02-14T17:43:42-08:00,0,25
style.css,334,css,5da1a666,Kevin Lin,2025-02-14,17:43:42,-08:00,2025-02-14T17:43:42-08:00,0,3
style.css,335,css,5da1a666,Kevin Lin,2025-02-14,17:43:42,-08:00,2025-02-14T17:43:42-08:00,0,21
style.css,336,css,5da1a666,Kevin Lin,2025-02-14,17:43:42,-08:00,2025-02-14T17:43:42-08:00,0,0
style.css,337,css,5da1a666,Kevin Lin,2025-02-14,17:43:42,-08:00,2025-02-14T17:43:42-08:00,0,0
style.css,338,css,5da1a666,Kevin Lin,2025-02-14,17:43:42,-08:00,2025-02-14T17:43:42-08:00,0,0
style.css,339,css,5da1a666,Kevin Lin,2025-02-14,17:43:42,-08:00,2025-02-14T17:43:42-08:00,0,11
style.css,340,css,5da1a666,Kevin Lin,2025-02-14,17:43:42,-08:00,2025-02-14T17:43:42-08:00,0,17
style.css,341,css,5da1a666,Kevin Lin,2025-02-14,17:43:42,-08:00,2025-02-14T17:43:42-08:00,0,13
style.css,342,css,5da1a666,Kevin Lin,2025-02-14,17:43:42,-08:00,2025-02-14T17:43:42-08:00,0,19
style.css,343,css,5da1a666,Kevin Lin,2025-02-14,17:43:42,-08:00,2025-02-14T17:43:42-08:00,0,21
style.css,344,css,5da1a666,Kevin Lin,2025-02-14,17:43:42,-08:00,2025-02-14T17:43:42-08:00,0,43
style.css,345,css,5da1a666,Kevin Lin,2025-02-14,17:43:42,-08:00,2025-02-14T17:43:42-08:00,0,0
style.css,346,css,5da1a666,Kevin Lin,2025-02-14,17:43:42,-08:00,2025-02-14T17:43:42-08:00,0,0
style.css,347,css,5da1a666,Kevin Lin,2025-02-14,17:43:42,-08:00,2025-02-14T17:43:42-08:00,0,16
style.css,348,css,5da1a666,Kevin Lin,2025-02-14,17:43:42,-08:00,2025-02-14T17:43:42-08:00,0,13
style.css,349,css,bfe8eb49,Kevin Lin,2025-02-04,16:32:08,-08:00,2025-02-04T16:32:08-08:00,0,0
index.js,1,js,d5ebeca2,Kevin Lin,2025-01-31,15:07:30,-08:00,2025-01-31T15:07:30-08:00,0,72
index.js,2,js,d5ebeca2,Kevin Lin,2025-01-31,15:07:30,-08:00,2025-01-31T15:07:30-08:00,0,0
index.js,3,js,d5ebeca2,Kevin Lin,2025-01-31,15:07:30,-08:00,2025-01-31T15:07:30-08:00,0,55
index.js,4,js,d5ebeca2,Kevin Lin,2025-01-31,15:07:30,-08:00,2025-01-31T15:07:30-08:00,0,43
index.js,5,js,d5ebeca2,Kevin Lin,2025-01-31,15:07:30,-08:00,2025-01-31T15:07:30-08:00,0,61
index.js,6,js,d5ebeca2,Kevin Lin,2025-01-31,15:07:30,-08:00,2025-01-31T15:07:30-08:00,0,50
index.js,7,js,d5ebeca2,Kevin Lin,2025-01-31,15:07:30,-08:00,2025-01-31T15:07:30-08:00,0,55
index.js,8,js,d5ebeca2,Kevin Lin,2025-01-31,15:07:30,-08:00,2025-01-31T15:07:30-08:00,0,0
index.js,9,js,d5ebeca2,Kevin Lin,2025-01-31,15:07:30,-08:00,2025-01-31T15:07:30-08:00,0,0
index.js,10,js,d5ebeca2,Kevin Lin,2025-01-31,15:07:30,-08:00,2025-01-31T15:07:30-08:00,0,50
index.js,11,js,d5ebeca2,Kevin Lin,2025-01-31,15:07:30,-08:00,2025-01-31T15:07:30-08:00,0,61
index.js,12,js,d5ebeca2,Kevin Lin,2025-01-31,15:07:30,-08:00,2025-01-31T15:07:30-08:00,0,0
index.js,13,js,d5ebeca2,Kevin Lin,2025-01-31,15:07:30,-08:00,2025-01-31T15:07:30-08:00,0,56
index.js,14,js,d5ebeca2,Kevin Lin,2025-01-31,15:07:30,-08:00,2025-01-31T15:07:30-08:00,0,25
index.js,15,js,d5ebeca2,Kevin Lin,2025-01-31,15:07:30,-08:00,2025-01-31T15:07:30-08:00,0,3
index.js,16,js,d5ebeca2,Kevin Lin,2025-01-31,15:07:30,-08:00,2025-01-31T15:07:30-08:00,0,56
index.js,17,js,d5ebeca2,Kevin Lin,2025-01-31,15:07:30,-08:00,2025-01-31T15:07:30-08:00,0,56
index.js,18,js,d5ebeca2,Kevin Lin,2025-01-31,15:07:30,-08:00,2025-01-31T15:07:30-08:00,0,50
index.js,19,js,d5ebeca2,Kevin Lin,2025-01-31,15:07:30,-08:00,2025-01-31T15:07:30-08:00,0,50
index.js,20,js,d5ebeca2,Kevin Lin,2025-01-31,15:07:30,-08:00,2025-01-31T15:07:30-08:00,0,4
index.js,21,js,d5ebeca2,Kevin Lin,2025-01-31,15:07:30,-08:00,2025-01-31T15:07:30-08:00,0,1
index.js,22,js,d5ebeca2,Kevin Lin,2025-01-31,15:07:30,-08:00,2025-01-31T15:07:30-08:00,0,0
index.html,1,html,6505ab53,Kevin Lin,2025-01-08,22:11:14,-08:00,2025-01-08T22:11:14-08:00,0,14
index.html,2,html,736411cf,Kevin Lin,2025-01-24,12:13:49,-08:00,2025-01-24T12:13:49-08:00,0,30
index.html,3,html,6505ab53,Kevin Lin,2025-01-08,22:11:14,-08:00,2025-01-08T22:11:14-08:00,0,5
index.html,4,html,6505ab53,Kevin Lin,2025-01-08,22:11:14,-08:00,2025-01-08T22:11:14-08:00,0,21
index.html,5,html,6505ab53,Kevin Lin,2025-01-08,22:11:14,-08:00,2025-01-08T22:11:14-08:00,0,69
index.html,6,html,e49691fc,Kevin Lin,2025-01-09,19:30:04,-08:00,2025-01-09T19:30:04-08:00,0,39
index.html,7,html,d5ebeca2,Kevin Lin,2025-01-31,15:07:30,-08:00,2025-01-31T15:07:30-08:00,0,46
index.html,8,html,d5ebeca2,Kevin Lin,2025-01-31,15:07:30,-08:00,2025-01-31T15:07:30-08:00,0,51
index.html,9,html,6505ab53,Kevin Lin,2025-01-08,22:11:14,-08:00,2025-01-08T22:11:14-08:00,0,50
index.html,10,html,6505ab53,Kevin Lin,2025-01-08,22:11:14,-08:00,2025-01-08T22:11:14-08:00,0,6
index.html,11,html,6505ab53,Kevin Lin,2025-01-08,22:11:14,-08:00,2025-01-08T22:11:14-08:00,0,5
index.html,12,html,6505ab53,Kevin Lin,2025-01-08,22:11:14,-08:00,2025-01-08T22:11:14-08:00,0,19
index.html,13,html,6505ab53,Kevin Lin,2025-01-08,22:11:14,-08:00,2025-01-08T22:11:14-08:00,0,107
index.html,14,html,ea8c25b3,Kevin Lin,2025-01-08,23:03:46,-08:00,2025-01-08T23:03:46-08:00,0,64
index.html,15,html,d5ebeca2,Kevin Lin,2025-01-31,15:07:30,-08:00,2025-01-31T15:07:30-08:00,0,27
index.html,16,html,d5ebeca2,Kevin Lin,2025-01-31,15:07:30,-08:00,2025-01-31T15:07:30-08:00,0,23
index.html,17,html,d5ebeca2,Kevin Lin,2025-01-31,15:07:30,-08:00,2025-01-31T15:07:30-08:00,0,28
index.html,18,html,d5ebeca2,Kevin Lin,2025-01-31,15:07:30,-08:00,2025-01-31T15:07:30-08:00,0,5
index.html,19,html,6505ab53,Kevin Lin,2025-01-08,22:11:14,-08:00,2025-01-08T22:11:14-08:00,0,6
index.html,20,html,6505ab53,Kevin Lin,2025-01-08,22:11:14,-08:00,2025-01-08T22:11:14-08:00,0,6
global.js,1,js,745ada14,Kevin Lin,2025-01-22,22:36:44,-08:00,2025-01-22T22:36:44-08:00,0,26
global.js,2,js,745ada14,Kevin Lin,2025-01-22,22:36:44,-08:00,2025-01-22T22:36:44-08:00,0,0
global.js,3,js,745ada14,Kevin Lin,2025-01-22,22:36:44,-08:00,2025-01-22T22:36:44-08:00,0,42
global.js,4,js,745ada14,Kevin Lin,2025-01-22,22:36:44,-08:00,2025-01-22T22:36:44-08:00,0,53
global.js,5,js,745ada14,Kevin Lin,2025-01-22,22:36:44,-08:00,2025-01-22T22:36:44-08:00,0,0
global.js,6,js,745ada14,Kevin Lin,2025-01-22,22:36:44,-08:00,2025-01-22T22:36:44-08:00,0,0
global.js,7,js,6dcba400,Kevin Lin,2025-01-23,19:45:33,-08:00,2025-01-23T19:45:33-08:00,0,71
global.js,8,js,6dcba400,Kevin Lin,2025-01-23,19:45:33,-08:00,2025-01-23T19:45:33-08:00,0,0
global.js,9,js,745ada14,Kevin Lin,2025-01-22,22:36:44,-08:00,2025-01-22T22:36:44-08:00,0,14
global.js,10,js,cfcf5ae5,Kevin Lin,2025-01-24,12:16:51,-08:00,2025-01-24T12:16:51-08:00,0,61
global.js,11,js,696d98fe,Kevin Lin,2025-01-23,21:21:00,-08:00,2025-01-23T21:21:00-08:00,0,84
global.js,12,js,696d98fe,Kevin Lin,2025-01-23,21:21:00,-08:00,2025-01-23T21:21:00-08:00,0,80
global.js,13,js,696d98fe,Kevin Lin,2025-01-23,21:21:00,-08:00,2025-01-23T21:21:00-08:00,0,82
global.js,14,js,77020a5d,Kevin Lin,2025-02-14,13:33:07,-08:00,2025-02-14T13:33:07-08:00,0,76
global.js,15,js,745ada14,Kevin Lin,2025-01-22,22:36:44,-08:00,2025-01-22T22:36:44-08:00,0,52
global.js,16,js,745ada14,Kevin Lin,2025-01-22,22:36:44,-08:00,2025-01-22T22:36:44-08:00,0,1
global.js,17,js,745ada14,Kevin Lin,2025-01-22,22:36:44,-08:00,2025-01-22T22:36:44-08:00,0,0
global.js,18,js,745ada14,Kevin Lin,2025-01-22,22:36:44,-08:00,2025-01-22T22:36:44-08:00,0,39
global.js,19,js,745ada14,Kevin Lin,2025-01-22,22:36:44,-08:00,2025-01-22T22:36:44-08:00,0,26
global.js,20,js,745ada14,Kevin Lin,2025-01-22,22:36:44,-08:00,2025-01-22T22:36:44-08:00,0,0
global.js,21,js,745ada14,Kevin Lin,2025-01-22,22:36:44,-08:00,2025-01-22T22:36:44-08:00,0,21
global.js,22,js,745ada14,Kevin Lin,2025-01-22,22:36:44,-08:00,2025-01-22T22:36:44-08:00,0,15
global.js,23,js,745ada14,Kevin Lin,2025-01-22,22:36:44,-08:00,2025-01-22T22:36:44-08:00,0,19
global.js,24,js,745ada14,Kevin Lin,2025-01-22,22:36:44,-08:00,2025-01-22T22:36:44-08:00,0,0
global.js,25,js,745ada14,Kevin Lin,2025-01-22,22:36:44,-08:00,2025-01-22T22:36:44-08:00,0,65
global.js,26,js,745ada14,Kevin Lin,2025-01-22,22:36:44,-08:00,2025-01-22T22:36:44-08:00,0,0
global.js,27,js,745ada14,Kevin Lin,2025-01-22,22:36:44,-08:00,2025-01-22T22:36:44-08:00,0,35
global.js,28,js,745ada14,Kevin Lin,2025-01-22,22:36:44,-08:00,2025-01-22T22:36:44-08:00,0,12
global.js,29,js,745ada14,Kevin Lin,2025-01-22,22:36:44,-08:00,2025-01-22T22:36:44-08:00,0,21
global.js,30,js,d75ad4c4,Kevin Lin,2025-01-24,12:06:11,-08:00,2025-01-24T12:06:11-08:00,0,0
global.js,31,js,581ef53b,Kevin Lin,2025-01-23,20:39:17,-08:00,2025-01-23T20:39:17-08:00,0,66
global.js,32,js,745ada14,Kevin Lin,2025-01-22,22:36:44,-08:00,2025-01-22T22:36:44-08:00,0,26
global.js,33,js,745ada14,Kevin Lin,2025-01-22,22:36:44,-08:00,2025-01-22T22:36:44-08:00,0,0
global.js,34,js,745ada14,Kevin Lin,2025-01-22,22:36:44,-08:00,2025-01-22T22:36:44-08:00,0,0
global.js,35,js,745ada14,Kevin Lin,2025-01-22,22:36:44,-08:00,2025-01-22T22:36:44-08:00,0,30
global.js,36,js,745ada14,Kevin Lin,2025-01-22,22:36:44,-08:00,2025-01-22T22:36:44-08:00,0,19
global.js,37,js,745ada14,Kevin Lin,2025-01-22,22:36:44,-08:00,2025-01-22T22:36:44-08:00,0,0
global.js,38,js,745ada14,Kevin Lin,2025-01-22,22:36:44,-08:00,2025-01-22T22:36:44-08:00,0,13
global.js,39,js,745ada14,Kevin Lin,2025-01-22,22:36:44,-08:00,2025-01-22T22:36:44-08:00,0,0
global.js,40,js,745ada14,Kevin Lin,2025-01-22,22:36:44,-08:00,2025-01-22T22:36:44-08:00,0,0
global.js,41,js,745ada14,Kevin Lin,2025-01-22,22:36:44,-08:00,2025-01-22T22:36:44-08:00,0,32
global.js,42,js,745ada14,Kevin Lin,2025-01-22,22:36:44,-08:00,2025-01-22T22:36:44-08:00,0,12
global.js,43,js,745ada14,Kevin Lin,2025-01-22,22:36:44,-08:00,2025-01-22T22:36:44-08:00,0,0
global.js,44,js,745ada14,Kevin Lin,2025-01-22,22:36:44,-08:00,2025-01-22T22:36:44-08:00,0,27
global.js,45,js,745ada14,Kevin Lin,2025-01-22,22:36:44,-08:00,2025-01-22T22:36:44-08:00,0,5
global.js,46,js,745ada14,Kevin Lin,2025-01-22,22:36:44,-08:00,2025-01-22T22:36:44-08:00,0,7
global.js,47,js,745ada14,Kevin Lin,2025-01-22,22:36:44,-08:00,2025-01-22T22:36:44-08:00,0,44
global.js,48,js,745ada14,Kevin Lin,2025-01-22,22:36:44,-08:00,2025-01-22T22:36:44-08:00,0,35
global.js,49,js,745ada14,Kevin Lin,2025-01-22,22:36:44,-08:00,2025-01-22T22:36:44-08:00,0,33
global.js,50,js,745ada14,Kevin Lin,2025-01-22,22:36:44,-08:00,2025-01-22T22:36:44-08:00,0,8
global.js,51,js,745ada14,Kevin Lin,2025-01-22,22:36:44,-08:00,2025-01-22T22:36:44-08:00,0,7
global.js,52,js,745ada14,Kevin Lin,2025-01-22,22:36:44,-08:00,2025-01-22T22:36:44-08:00,0,0
global.js,53,js,745ada14,Kevin Lin,2025-01-22,22:36:44,-08:00,2025-01-22T22:36:44-08:00,0,1
global.js,54,js,745ada14,Kevin Lin,2025-01-22,22:36:44,-08:00,2025-01-22T22:36:44-08:00,0,0
global.js,55,js,745ada14,Kevin Lin,2025-01-22,22:36:44,-08:00,2025-01-22T22:36:44-08:00,0,61
global.js,56,js,745ada14,Kevin Lin,2025-01-22,22:36:44,-08:00,2025-01-22T22:36:44-08:00,0,55
global.js,57,js,745ada14,Kevin Lin,2025-01-22,22:36:44,-08:00,2025-01-22T22:36:44-08:00,0,0
global.js,58,js,745ada14,Kevin Lin,2025-01-22,22:36:44,-08:00,2025-01-22T22:36:44-08:00,0,17
global.js,59,js,745ada14,Kevin Lin,2025-01-22,22:36:44,-08:00,2025-01-22T22:36:44-08:00,0,71
global.js,60,js,745ada14,Kevin Lin,2025-01-22,22:36:44,-08:00,2025-01-22T22:36:44-08:00,0,26
global.js,61,js,745ada14,Kevin Lin,2025-01-22,22:36:44,-08:00,2025-01-22T22:36:44-08:00,0,0
global.js,62,js,745ada14,Kevin Lin,2025-01-22,22:36:44,-08:00,2025-01-22T22:36:44-08:00,0,0
global.js,63,js,745ada14,Kevin Lin,2025-01-22,22:36:44,-08:00,2025-01-22T22:36:44-08:00,0,50
global.js,64,js,745ada14,Kevin Lin,2025-01-22,22:36:44,-08:00,2025-01-22T22:36:44-08:00,0,32
global.js,65,js,745ada14,Kevin Lin,2025-01-22,22:36:44,-08:00,2025-01-22T22:36:44-08:00,0,58
global.js,66,js,745ada14,Kevin Lin,2025-01-22,22:36:44,-08:00,2025-01-22T22:36:44-08:00,0,78
global.js,67,js,745ada14,Kevin Lin,2025-01-22,22:36:44,-08:00,2025-01-22T22:36:44-08:00,0,42
global.js,68,js,745ada14,Kevin Lin,2025-01-22,22:36:44,-08:00,2025-01-22T22:36:44-08:00,0,2
global.js,69,js,9055ab43,Kevin Lin,2025-01-24,13:45:07,-08:00,2025-01-24T13:45:07-08:00,0,0
global.js,70,js,d5ebeca2,Kevin Lin,2025-01-31,15:07:30,-08:00,2025-01-31T15:07:30-08:00,0,37
global.js,71,js,d5ebeca2,Kevin Lin,2025-01-31,15:07:30,-08:00,2025-01-31T15:07:30-08:00,0,4
global.js,72,js,d5ebeca2,Kevin Lin,2025-01-31,15:07:30,-08:00,2025-01-31T15:07:30-08:00,0,40
global.js,73,js,d5ebeca2,Kevin Lin,2025-01-31,15:07:30,-08:00,2025-01-31T15:07:30-08:00,0,33
global.js,74,js,d5ebeca2,Kevin Lin,2025-01-31,15:07:30,-08:00,2025-01-31T15:07:30-08:00,0,18
global.js,75,js,d5ebeca2,Kevin Lin,2025-01-31,15:07:30,-08:00,2025-01-31T15:07:30-08:00,0,67
global.js,76,js,d5ebeca2,Kevin Lin,2025-01-31,15:07:30,-08:00,2025-01-31T15:07:30-08:00,0,0
global.js,77,js,d5ebeca2,Kevin Lin,2025-01-31,15:07:30,-08:00,2025-01-31T15:07:30-08:00,0,34
global.js,78,js,d5ebeca2,Kevin Lin,2025-01-31,15:07:30,-08:00,2025-01-31T15:07:30-08:00,0,11
global.js,79,js,d5ebeca2,Kevin Lin,2025-01-31,15:07:30,-08:00,2025-01-31T15:07:30-08:00,0,0
global.js,80,js,d5ebeca2,Kevin Lin,2025-01-31,15:07:30,-08:00,2025-01-31T15:07:30-08:00,0,16
global.js,81,js,d5ebeca2,Kevin Lin,2025-01-31,15:07:30,-08:00,2025-01-31T15:07:30-08:00,0,60
global.js,82,js,d5ebeca2,Kevin Lin,2025-01-31,15:07:30,-08:00,2025-01-31T15:07:30-08:00,0,0
global.js,83,js,d5ebeca2,Kevin Lin,2025-01-31,15:07:30,-08:00,2025-01-31T15:07:30-08:00,0,0
global.js,84,js,9055ab43,Kevin Lin,2025-01-24,13:45:07,-08:00,2025-01-24T13:45:07-08:00,0,0
global.js,85,js,9055ab43,Kevin Lin,2025-01-24,13:45:07,-08:00,2025-01-24T13:45:07-08:00,0,0
global.js,86,js,d5ebeca2,Kevin Lin,2025-01-31,15:07:30,-08:00,2025-01-31T15:07:30-08:00,0,80
global.js,87,js,d5ebeca2,Kevin Lin,2025-01-31,15:07:30,-08:00,2025-01-31T15:07:30-08:00,0,31
global.js,88,js,d5ebeca2,Kevin Lin,2025-01-31,15:07:30,-08:00,2025-01-31T15:07:30-08:00,0,28
global.js,89,js,30c2675f,Kevin Lin,2025-02-03,15:25:05,-08:00,2025-02-03T15:25:05-08:00,0,49
global.js,90,js,30c2675f,Kevin Lin,2025-02-03,15:25:05,-08:00,2025-02-03T15:25:05-08:00,0,20
global.js,91,js,30c2675f,Kevin Lin,2025-02-03,15:25:05,-08:00,2025-02-03T15:25:05-08:00,0,24
global.js,92,js,30c2675f,Kevin Lin,2025-02-03,15:25:05,-08:00,2025-02-03T15:25:05-08:00,0,50
global.js,93,js,30c2675f,Kevin Lin,2025-02-03,15:25:05,-08:00,2025-02-03T15:25:05-08:00,0,28
global.js,94,js,30c2675f,Kevin Lin,2025-02-03,15:25:05,-08:00,2025-02-03T15:25:05-08:00,0,49
global.js,95,js,30c2675f,Kevin Lin,2025-02-03,15:25:05,-08:00,2025-02-03T15:25:05-08:00,0,1
global.js,96,js,30c2675f,Kevin Lin,2025-02-03,15:25:05,-08:00,2025-02-03T15:25:05-08:00,0,37
global.js,97,js,d5ebeca2,Kevin Lin,2025-01-31,15:07:30,-08:00,2025-01-31T15:07:30-08:00,0,2
global.js,98,js,d5ebeca2,Kevin Lin,2025-01-31,15:07:30,-08:00,2025-01-31T15:07:30-08:00,0,0
global.js,99,js,9055ab43,Kevin Lin,2025-01-24,13:45:07,-08:00,2025-01-24T13:45:07-08:00,0,0
global.js,100,js,d5ebeca2,Kevin Lin,2025-01-31,15:07:30,-08:00,2025-01-31T15:07:30-08:00,0,48
global.js,101,js,d5ebeca2,Kevin Lin,2025-01-31,15:07:30,-08:00,2025-01-31T15:07:30-08:00,0,60
global.js,102,js,d5ebeca2,Kevin Lin,2025-01-31,15:07:30,-08:00,2025-01-31T15:07:30-08:00,0,0
resume/index.html,1,html,7a6842f2,Kevin Lin,2025-01-09,01:20:38,-08:00,2025-01-09T01:20:38-08:00,0,14
resume/index.html,2,html,745ada14,Kevin Lin,2025-01-22,22:36:44,-08:00,2025-01-22T22:36:44-08:00,0,49
resume/index.html,3,html,7a6842f2,Kevin Lin,2025-01-09,01:20:38,-08:00,2025-01-09T01:20:38-08:00,0,15
resume/index.html,4,html,7a6842f2,Kevin Lin,2025-01-09,01:20:38,-08:00,2025-01-09T01:20:38-08:00,0,5
resume/index.html,5,html,7a6842f2,Kevin Lin,2025-01-09,01:20:38,-08:00,2025-01-09T01:20:38-08:00,0,21
resume/index.html,6,html,7a6842f2,Kevin Lin,2025-01-09,01:20:38,-08:00,2025-01-09T01:20:38-08:00,0,69
resume/index.html,7,html,daf1b536,Kevin Lin,2025-01-15,23:43:21,-08:00,2025-01-15T23:43:21-08:00,0,42
resume/index.html,8,html,7a6842f2,Kevin Lin,2025-01-09,01:20:38,-08:00,2025-01-09T01:20:38-08:00,0,20
resume/index.html,9,html,7a6842f2,Kevin Lin,2025-01-09,01:20:38,-08:00,2025-01-09T01:20:38-08:00,0,6
resume/index.html,10,html,7a6842f2,Kevin Lin,2025-01-09,01:20:38,-08:00,2025-01-09T01:20:38-08:00,0,5
resume/index.html,11,html,ce4e57f8,Kevin Lin,2025-01-16,20:02:41,-08:00,2025-01-16T20:02:41-08:00,0,31
resume/index.html,12,html,ce4e57f8,Kevin Lin,2025-01-16,20:02:41,-08:00,2025-01-16T20:02:41-08:00,0,25
resume/index.html,13,html,ce4e57f8,Kevin Lin,2025-01-16,20:02:41,-08:00,2025-01-16T20:02:41-08:00,0,15
resume/index.html,14,html,ce4e57f8,Kevin Lin,2025-01-16,20:02:41,-08:00,2025-01-16T20:02:41-08:00,0,65
resume/index.html,15,html,dd6fafc1,Kevin Lin,2025-01-16,17:29:15,-08:00,2025-01-16T17:29:15-08:00,0,59
resume/index.html,16,html,dd6fafc1,Kevin Lin,2025-01-16,17:29:15,-08:00,2025-01-16T17:29:15-08:00,0,58
resume/index.html,17,html,dd6fafc1,Kevin Lin,2025-01-16,17:29:15,-08:00,2025-01-16T17:29:15-08:00,0,66
resume/index.html,18,html,dd6fafc1,Kevin Lin,2025-01-16,17:29:15,-08:00,2025-01-16T17:29:15-08:00,0,66
resume/index.html,19,html,dd6fafc1,Kevin Lin,2025-01-16,17:29:15,-08:00,2025-01-16T17:29:15-08:00,0,27
resume/index.html,20,html,ce4e57f8,Kevin Lin,2025-01-16,20:02:41,-08:00,2025-01-16T20:02:41-08:00,0,3
resume/index.html,21,html,b507891b,Kevin Lin,2025-01-09,01:51:24,-08:00,2025-01-09T01:51:24-08:00,0,0
resume/index.html,22,html,dd6fafc1,Kevin Lin,2025-01-16,17:29:15,-08:00,2025-01-16T17:29:15-08:00,0,17
resume/index.html,23,html,dd6fafc1,Kevin Lin,2025-01-16,17:29:15,-08:00,2025-01-16T17:29:15-08:00,0,74
resume/index.html,24,html,dd6fafc1,Kevin Lin,2025-01-16,17:29:15,-08:00,2025-01-16T17:29:15-08:00,0,40
resume/index.html,25,html,dd6fafc1,Kevin Lin,2025-01-16,17:29:15,-08:00,2025-01-16T17:29:15-08:00,0,0
resume/index.html,26,html,dd6fafc1,Kevin Lin,2025-01-16,17:29:15,-08:00,2025-01-16T17:29:15-08:00,0,0
resume/index.html,27,html,dd6fafc1,Kevin Lin,2025-01-16,17:29:15,-08:00,2025-01-16T17:29:15-08:00,0,14
resume/index.html,28,html,dd6fafc1,Kevin Lin,2025-01-16,17:29:15,-08:00,2025-01-16T17:29:15-08:00,0,50
resume/index.html,29,html,dd6fafc1,Kevin Lin,2025-01-16,17:29:15,-08:00,2025-01-16T17:29:15-08:00,0,104
resume/index.html,30,html,ce4e57f8,Kevin Lin,2025-01-16,20:02:41,-08:00,2025-01-16T20:02:41-08:00,0,130
resume/index.html,31,html,dd6fafc1,Kevin Lin,2025-01-16,17:29:15,-08:00,2025-01-16T17:29:15-08:00,0,61
resume/index.html,32,html,dd6fafc1,Kevin Lin,2025-01-16,17:29:15,-08:00,2025-01-16T17:29:15-08:00,0,0
resume/index.html,33,html,dd6fafc1,Kevin Lin,2025-01-16,17:29:15,-08:00,2025-01-16T17:29:15-08:00,0,16
resume/index.html,34,html,dd6fafc1,Kevin Lin,2025-01-16,17:29:15,-08:00,2025-01-16T17:29:15-08:00,0,31
resume/index.html,35,html,dd6fafc1,Kevin Lin,2025-01-16,17:29:15,-08:00,2025-01-16T17:29:15-08:00,0,3
resume/index.html,36,html,dd6fafc1,Kevin Lin,2025-01-16,17:29:15,-08:00,2025-01-16T17:29:15-08:00,0,64
resume/index.html,37,html,dd6fafc1,Kevin Lin,2025-01-16,17:29:15,-08:00,2025-01-16T17:29:15-08:00,0,64
resume/index.html,38,html,dd6fafc1,Kevin Lin,2025-01-16,17:29:15,-08:00,2025-01-16T17:29:15-08:00,0,29
resume/index.html,39,html,dd6fafc1,Kevin Lin,2025-01-16,17:29:15,-08:00,2025-01-16T17:29:15-08:00,0,4
resume/index.html,40,html,dd6fafc1,Kevin Lin,2025-01-16,17:29:15,-08:00,2025-01-16T17:29:15-08:00,0,3
resume/index.html,41,html,dd6fafc1,Kevin Lin,2025-01-16,17:29:15,-08:00,2025-01-16T17:29:15-08:00,0,65
resume/index.html,42,html,dd6fafc1,Kevin Lin,2025-01-16,17:29:15,-08:00,2025-01-16T17:29:15-08:00,0,59
resume/index.html,43,html,dd6fafc1,Kevin Lin,2025-01-16,17:29:15,-08:00,2025-01-16T17:29:15-08:00,0,4
resume/index.html,44,html,dd6fafc1,Kevin Lin,2025-01-16,17:29:15,-08:00,2025-01-16T17:29:15-08:00,0,3
resume/index.html,45,html,dd6fafc1,Kevin Lin,2025-01-16,17:29:15,-08:00,2025-01-16T17:29:15-08:00,0,64
resume/index.html,46,html,dd6fafc1,Kevin Lin,2025-01-16,17:29:15,-08:00,2025-01-16T17:29:15-08:00,0,64
resume/index.html,47,html,dd6fafc1,Kevin Lin,2025-01-16,17:29:15,-08:00,2025-01-16T17:29:15-08:00,0,30
resume/index.html,48,html,dd6fafc1,Kevin Lin,2025-01-16,17:29:15,-08:00,2025-01-16T17:29:15-08:00,0,4
resume/index.html,49,html,dd6fafc1,Kevin Lin,2025-01-16,17:29:15,-08:00,2025-01-16T17:29:15-08:00,0,4
resume/index.html,50,html,dd6fafc1,Kevin Lin,2025-01-16,17:29:15,-08:00,2025-01-16T17:29:15-08:00,0,0
resume/index.html,51,html,cf393378,Kevin Lin,2025-01-16,19:05:02,-08:00,2025-01-16T19:05:02-08:00,0,41
resume/index.html,52,html,dd6fafc1,Kevin Lin,2025-01-16,17:29:15,-08:00,2025-01-16T17:29:15-08:00,0,3
resume/index.html,53,html,dd6fafc1,Kevin Lin,2025-01-16,17:29:15,-08:00,2025-01-16T17:29:15-08:00,0,3
resume/index.html,54,html,dd6fafc1,Kevin Lin,2025-01-16,17:29:15,-08:00,2025-01-16T17:29:15-08:00,0,112
resume/index.html,55,html,dd6fafc1,Kevin Lin,2025-01-16,17:29:15,-08:00,2025-01-16T17:29:15-08:00,0,38
resume/index.html,56,html,dd6fafc1,Kevin Lin,2025-01-16,17:29:15,-08:00,2025-01-16T17:29:15-08:00,0,4
resume/index.html,57,html,dd6fafc1,Kevin Lin,2025-01-16,17:29:15,-08:00,2025-01-16T17:29:15-08:00,0,3
resume/index.html,58,html,dd6fafc1,Kevin Lin,2025-01-16,17:29:15,-08:00,2025-01-16T17:29:15-08:00,0,114
resume/index.html,59,html,dd6fafc1,Kevin Lin,2025-01-16,17:29:15,-08:00,2025-01-16T17:29:15-08:00,0,10
resume/index.html,60,html,dd6fafc1,Kevin Lin,2025-01-16,17:29:15,-08:00,2025-01-16T17:29:15-08:00,0,4
resume/index.html,61,html,dd6fafc1,Kevin Lin,2025-01-16,17:29:15,-08:00,2025-01-16T17:29:15-08:00,0,3
resume/index.html,62,html,dd6fafc1,Kevin Lin,2025-01-16,17:29:15,-08:00,2025-01-16T17:29:15-08:00,0,115
resume/index.html,63,html,dd6fafc1,Kevin Lin,2025-01-16,17:29:15,-08:00,2025-01-16T17:29:15-08:00,0,21
resume/index.html,64,html,dd6fafc1,Kevin Lin,2025-01-16,17:29:15,-08:00,2025-01-16T17:29:15-08:00,0,4
resume/index.html,65,html,dd6fafc1,Kevin Lin,2025-01-16,17:29:15,-08:00,2025-01-16T17:29:15-08:00,0,3
resume/index.html,66,html,dd6fafc1,Kevin Lin,2025-01-16,17:29:15,-08:00,2025-01-16T17:29:15-08:00,0,116
resume/index.html,67,html,dd6fafc1,Kevin Lin,2025-01-16,17:29:15,-08:00,2025-01-16T17:29:15-08:00,0,4
resume/index.html,68,html,dd6fafc1,Kevin Lin,2025-01-16,17:29:15,-08:00,2025-01-16T17:29:15-08:00,0,4
resume/index.html,69,html,dd6fafc1,Kevin Lin,2025-01-16,17:29:15,-08:00,2025-01-16T17:29:15-08:00,0,4
resume/index.html,70,html,b507891b,Kevin Lin,2025-01-09,01:51:24,-08:00,2025-01-09T01:51:24-08:00,0,9
resume/index.html,71,html,dd6fafc1,Kevin Lin,2025-01-16,17:29:15,-08:00,2025-01-16T17:29:15-08:00,0,0
resume/index.html,72,html,7a6842f2,Kevin Lin,2025-01-09,01:20:38,-08:00,2025-01-09T01:20:38-08:00,0,6
resume/index.html,73,html,7a6842f2,Kevin Lin,2025-01-09,01:20:38,-08:00,2025-01-09T01:20:38-08:00,0,6
projects/projects.js,1,js,d5ebeca2,Kevin Lin,2025-01-31,15:07:30,-08:00,2025-01-31T15:07:30-08:00,0,56
projects/projects.js,2,js,30c2675f,Kevin Lin,2025-02-03,15:25:05,-08:00,2025-02-03T15:25:05-08:00,0,60
projects/projects.js,3,js,d5ebeca2,Kevin Lin,2025-01-31,15:07:30,-08:00,2025-01-31T15:07:30-08:00,0,0
projects/projects.js,4,js,bfe8eb49,Kevin Lin,2025-02-04,16:32:08,-08:00,2025-02-04T16:32:08-08:00,0,14
projects/projects.js,5,js,bfe8eb49,Kevin Lin,2025-02-04,16:32:08,-08:00,2025-02-04T16:32:08-08:00,0,22
projects/projects.js,6,js,bfe8eb49,Kevin Lin,2025-02-04,16:32:08,-08:00,2025-02-04T16:32:08-08:00,0,56
projects/projects.js,7,js,30c2675f,Kevin Lin,2025-02-03,15:25:05,-08:00,2025-02-03T15:25:05-08:00,0,0
projects/projects.js,8,js,bfe8eb49,Kevin Lin,2025-02-04,16:32:08,-08:00,2025-02-04T16:32:08-08:00,0,54
projects/projects.js,9,js,bfe8eb49,Kevin Lin,2025-02-04,16:32:08,-08:00,2025-02-04T16:32:08-08:00,0,61
projects/projects.js,10,js,bfe8eb49,Kevin Lin,2025-02-04,16:32:08,-08:00,2025-02-04T16:32:08-08:00,0,39
projects/projects.js,11,js,bfe8eb49,Kevin Lin,2025-02-04,16:32:08,-08:00,2025-02-04T16:32:08-08:00,0,30
projects/projects.js,12,js,bfe8eb49,Kevin Lin,2025-02-04,16:32:08,-08:00,2025-02-04T16:32:08-08:00,0,13
projects/projects.js,13,js,bfe8eb49,Kevin Lin,2025-02-04,16:32:08,-08:00,2025-02-04T16:32:08-08:00,0,15
projects/projects.js,14,js,bfe8eb49,Kevin Lin,2025-02-04,16:32:08,-08:00,2025-02-04T16:32:08-08:00,0,13
projects/projects.js,15,js,bfe8eb49,Kevin Lin,2025-02-04,16:32:08,-08:00,2025-02-04T16:32:08-08:00,0,1
projects/projects.js,16,js,30c2675f,Kevin Lin,2025-02-03,15:25:05,-08:00,2025-02-03T15:25:05-08:00,0,0
projects/projects.js,17,js,bfe8eb49,Kevin Lin,2025-02-04,16:32:08,-08:00,2025-02-04T16:32:08-08:00,0,52
projects/projects.js,18,js,bfe8eb49,Kevin Lin,2025-02-04,16:32:08,-08:00,2025-02-04T16:32:08-08:00,0,12
projects/projects.js,19,js,bfe8eb49,Kevin Lin,2025-02-04,16:32:08,-08:00,2025-02-04T16:32:08-08:00,0,11
projects/projects.js,20,js,bfe8eb49,Kevin Lin,2025-02-04,16:32:08,-08:00,2025-02-04T16:32:08-08:00,0,3
projects/projects.js,21,js,30c2675f,Kevin Lin,2025-02-03,15:25:05,-08:00,2025-02-03T15:25:05-08:00,0,0
projects/projects.js,22,js,bfe8eb49,Kevin Lin,2025-02-04,16:32:08,-08:00,2025-02-04T16:32:08-08:00,0,54
projects/projects.js,23,js,bfe8eb49,Kevin Lin,2025-02-04,16:32:08,-08:00,2025-02-04T16:32:08-08:00,0,43
projects/projects.js,24,js,bfe8eb49,Kevin Lin,2025-02-04,16:32:08,-08:00,2025-02-04T16:32:08-08:00,0,61
projects/projects.js,25,js,bfe8eb49,Kevin Lin,2025-02-04,16:32:08,-08:00,2025-02-04T16:32:08-08:00,0,55
projects/projects.js,26,js,30c2675f,Kevin Lin,2025-02-03,15:25:05,-08:00,2025-02-03T15:25:05-08:00,0,0
projects/projects.js,27,js,bfe8eb49,Kevin Lin,2025-02-04,16:32:08,-08:00,2025-02-04T16:32:08-08:00,0,26
projects/projects.js,28,js,bfe8eb49,Kevin Lin,2025-02-04,16:32:08,-08:00,2025-02-04T16:32:08-08:00,0,30
projects/projects.js,29,js,bfe8eb49,Kevin Lin,2025-02-04,16:32:08,-08:00,2025-02-04T16:32:08-08:00,0,33
projects/projects.js,30,js,bfe8eb49,Kevin Lin,2025-02-04,16:32:08,-08:00,2025-02-04T16:32:08-08:00,0,31
projects/projects.js,31,js,30c2675f,Kevin Lin,2025-02-03,15:25:05,-08:00,2025-02-03T15:25:05-08:00,0,0
projects/projects.js,32,js,bfe8eb49,Kevin Lin,2025-02-04,16:32:08,-08:00,2025-02-04T16:32:08-08:00,0,30
projects/projects.js,33,js,bfe8eb49,Kevin Lin,2025-02-04,16:32:08,-08:00,2025-02-04T16:32:08-08:00,0,17
projects/projects.js,34,js,bfe8eb49,Kevin Lin,2025-02-04,16:32:08,-08:00,2025-02-04T16:32:08-08:00,0,14
projects/projects.js,35,js,bfe8eb49,Kevin Lin,2025-02-04,16:32:08,-08:00,2025-02-04T16:32:08-08:00,0,65
projects/projects.js,36,js,bfe8eb49,Kevin Lin,2025-02-04,16:32:08,-08:00,2025-02-04T16:32:08-08:00,0,54
projects/projects.js,37,js,bfe8eb49,Kevin Lin,2025-02-04,16:32:08,-08:00,2025-02-04T16:32:08-08:00,0,19
projects/projects.js,38,js,bfe8eb49,Kevin Lin,2025-02-04,16:32:08,-08:00,2025-02-04T16:32:08-08:00,0,48
projects/projects.js,39,js,30c2675f,Kevin Lin,2025-02-03,15:25:05,-08:00,2025-02-03T15:25:05-08:00,0,0
projects/projects.js,40,js,bfe8eb49,Kevin Lin,2025-02-04,16:32:08,-08:00,2025-02-04T16:32:08-08:00,0,26
projects/projects.js,41,js,bfe8eb49,Kevin Lin,2025-02-04,16:32:08,-08:00,2025-02-04T16:32:08-08:00,0,49
projects/projects.js,42,js,bfe8eb49,Kevin Lin,2025-02-04,16:32:08,-08:00,2025-02-04T16:32:08-08:00,0,7
projects/projects.js,43,js,bfe8eb49,Kevin Lin,2025-02-04,16:32:08,-08:00,2025-02-04T16:32:08-08:00,0,49
projects/projects.js,44,js,bfe8eb49,Kevin Lin,2025-02-04,16:32:08,-08:00,2025-02-04T16:32:08-08:00,0,40
projects/projects.js,45,js,bfe8eb49,Kevin Lin,2025-02-04,16:32:08,-08:00,2025-02-04T16:32:08-08:00,0,41
projects/projects.js,46,js,bfe8eb49,Kevin Lin,2025-02-04,16:32:08,-08:00,2025-02-04T16:32:08-08:00,0,1
projects/projects.js,47,js,bfe8eb49,Kevin Lin,2025-02-04,16:32:08,-08:00,2025-02-04T16:32:08-08:00,0,57
projects/projects.js,48,js,bfe8eb49,Kevin Lin,2025-02-04,16:32:08,-08:00,2025-02-04T16:32:08-08:00,0,0
projects/projects.js,49,js,30c2675f,Kevin Lin,2025-02-03,15:25:05,-08:00,2025-02-03T15:25:05-08:00,0,0
projects/projects.js,50,js,bfe8eb49,Kevin Lin,2025-02-04,16:32:08,-08:00,2025-02-04T16:32:08-08:00,0,29
projects/projects.js,51,js,bfe8eb49,Kevin Lin,2025-02-04,16:32:08,-08:00,2025-02-04T16:32:08-08:00,0,2
projects/projects.js,52,js,bfe8eb49,Kevin Lin,2025-02-04,16:32:08,-08:00,2025-02-04T16:32:08-08:00,0,2
projects/projects.js,53,js,bfe8eb49,Kevin Lin,2025-02-04,16:32:08,-08:00,2025-02-04T16:32:08-08:00,0,0
projects/projects.js,54,js,bfe8eb49,Kevin Lin,2025-02-04,16:32:08,-08:00,2025-02-04T16:32:08-08:00,0,28
projects/projects.js,55,js,bfe8eb49,Kevin Lin,2025-02-04,16:32:08,-08:00,2025-02-04T16:32:08-08:00,0,18
projects/projects.js,56,js,bfe8eb49,Kevin Lin,2025-02-04,16:32:08,-08:00,2025-02-04T16:32:08-08:00,0,79
projects/projects.js,57,js,bfe8eb49,Kevin Lin,2025-02-04,16:32:08,-08:00,2025-02-04T16:32:08-08:00,0,54
projects/projects.js,58,js,bfe8eb49,Kevin Lin,2025-02-04,16:32:08,-08:00,2025-02-04T16:32:08-08:00,0,69
projects/projects.js,59,js,bfe8eb49,Kevin Lin,2025-02-04,16:32:08,-08:00,2025-02-04T16:32:08-08:00,0,19
projects/projects.js,60,js,bfe8eb49,Kevin Lin,2025-02-04,16:32:08,-08:00,2025-02-04T16:32:08-08:00,0,48
projects/projects.js,61,js,bfe8eb49,Kevin Lin,2025-02-04,16:32:08,-08:00,2025-02-04T16:32:08-08:00,0,26
projects/projects.js,62,js,bfe8eb49,Kevin Lin,2025-02-04,16:32:08,-08:00,2025-02-04T16:32:08-08:00,0,49
projects/projects.js,63,js,bfe8eb49,Kevin Lin,2025-02-04,16:32:08,-08:00,2025-02-04T16:32:08-08:00,0,7
projects/projects.js,64,js,bfe8eb49,Kevin Lin,2025-02-04,16:32:08,-08:00,2025-02-04T16:32:08-08:00,0,28
projects/projects.js,65,js,bfe8eb49,Kevin Lin,2025-02-04,16:32:08,-08:00,2025-02-04T16:32:08-08:00,0,40
projects/projects.js,66,js,bfe8eb49,Kevin Lin,2025-02-04,16:32:08,-08:00,2025-02-04T16:32:08-08:00,0,41
projects/projects.js,67,js,bfe8eb49,Kevin Lin,2025-02-04,16:32:08,-08:00,2025-02-04T16:32:08-08:00,0,1
projects/projects.js,68,js,bfe8eb49,Kevin Lin,2025-02-04,16:32:08,-08:00,2025-02-04T16:32:08-08:00,0,57
projects/projects.js,69,js,bfe8eb49,Kevin Lin,2025-02-04,16:32:08,-08:00,2025-02-04T16:32:08-08:00,0,0
projects/projects.js,70,js,30c2675f,Kevin Lin,2025-02-03,15:25:05,-08:00,2025-02-03T15:25:05-08:00,0,0
projects/projects.js,71,js,bfe8eb49,Kevin Lin,2025-02-04,16:32:08,-08:00,2025-02-04T16:32:08-08:00,0,29
projects/projects.js,72,js,bfe8eb49,Kevin Lin,2025-02-04,16:32:08,-08:00,2025-02-04T16:32:08-08:00,0,2
projects/projects.js,73,js,bfe8eb49,Kevin Lin,2025-02-04,16:32:08,-08:00,2025-02-04T16:32:08-08:00,0,2
projects/projects.js,74,js,bfe8eb49,Kevin Lin,2025-02-04,16:32:08,-08:00,2025-02-04T16:32:08-08:00,0,0
projects/projects.js,75,js,30c2675f,Kevin Lin,2025-02-03,15:25:05,-08:00,2025-02-03T15:25:05-08:00,0,0
projects/projects.js,76,js,bfe8eb49,Kevin Lin,2025-02-04,16:32:08,-08:00,2025-02-04T16:32:08-08:00,0,24
projects/projects.js,77,js,bfe8eb49,Kevin Lin,2025-02-04,16:32:08,-08:00,2025-02-04T16:32:08-08:00,0,49
projects/projects.js,78,js,bfe8eb49,Kevin Lin,2025-02-04,16:32:08,-08:00,2025-02-04T16:32:08-08:00,0,40
projects/projects.js,79,js,bfe8eb49,Kevin Lin,2025-02-04,16:32:08,-08:00,2025-02-04T16:32:08-08:00,0,0
projects/projects.js,80,js,bfe8eb49,Kevin Lin,2025-02-04,16:32:08,-08:00,2025-02-04T16:32:08-08:00,0,52
projects/projects.js,81,js,bfe8eb49,Kevin Lin,2025-02-04,16:32:08,-08:00,2025-02-04T16:32:08-08:00,0,60
projects/projects.js,82,js,bfe8eb49,Kevin Lin,2025-02-04,16:32:08,-08:00,2025-02-04T16:32:08-08:00,0,29
projects/projects.js,83,js,bfe8eb49,Kevin Lin,2025-02-04,16:32:08,-08:00,2025-02-04T16:32:08-08:00,0,2
projects/projects.js,84,js,bfe8eb49,Kevin Lin,2025-02-04,16:32:08,-08:00,2025-02-04T16:32:08-08:00,0,0
projects/projects.js,85,js,bfe8eb49,Kevin Lin,2025-02-04,16:32:08,-08:00,2025-02-04T16:32:08-08:00,0,57
projects/projects.js,86,js,bfe8eb49,Kevin Lin,2025-02-04,16:32:08,-08:00,2025-02-04T16:32:08-08:00,0,32
projects/projects.js,87,js,30c2675f,Kevin Lin,2025-02-03,15:25:05,-08:00,2025-02-03T15:25:05-08:00,0,2
projects/projects.js,88,js,30c2675f,Kevin Lin,2025-02-03,15:25:05,-08:00,2025-02-03T15:25:05-08:00,0,0
projects/projects.js,89,js,30c2675f,Kevin Lin,2025-02-03,15:25:05,-08:00,2025-02-03T15:25:05-08:00,0,49
projects/index.html,1,html,2972464a,Kevin Lin,2025-01-08,23:55:01,-08:00,2025-01-08T23:55:01-08:00,0,14
projects/index.html,2,html,2972464a,Kevin Lin,2025-01-08,23:55:01,-08:00,2025-01-08T23:55:01-08:00,0,15
projects/index.html,3,html,2972464a,Kevin Lin,2025-01-08,23:55:01,-08:00,2025-01-08T23:55:01-08:00,0,5
projects/index.html,4,html,2972464a,Kevin Lin,2025-01-08,23:55:01,-08:00,2025-01-08T23:55:01-08:00,0,21
projects/index.html,5,html,2972464a,Kevin Lin,2025-01-08,23:55:01,-08:00,2025-01-08T23:55:01-08:00,0,69
projects/index.html,6,html,daf1b536,Kevin Lin,2025-01-15,23:43:21,-08:00,2025-01-15T23:43:21-08:00,0,42
projects/index.html,7,html,30c2675f,Kevin Lin,2025-02-03,15:25:05,-08:00,2025-02-03T15:25:05-08:00,0,22
projects/index.html,8,html,d5ebeca2,Kevin Lin,2025-01-31,15:07:30,-08:00,2025-01-31T15:07:30-08:00,0,49
projects/index.html,9,html,d5ebeca2,Kevin Lin,2025-01-31,15:07:30,-08:00,2025-01-31T15:07:30-08:00,0,48
projects/index.html,10,html,d5ebeca2,Kevin Lin,2025-01-31,15:07:30,-08:00,2025-01-31T15:07:30-08:00,0,54
projects/index.html,11,html,2972464a,Kevin Lin,2025-01-08,23:55:01,-08:00,2025-01-08T23:55:01-08:00,0,6
projects/index.html,12,html,2972464a,Kevin Lin,2025-01-08,23:55:01,-08:00,2025-01-08T23:55:01-08:00,0,5
projects/index.html,13,html,d5ebeca2,Kevin Lin,2025-01-31,15:07:30,-08:00,2025-01-31T15:07:30-08:00,0,42
projects/index.html,14,html,bfe8eb49,Kevin Lin,2025-02-04,16:32:08,-08:00,2025-02-04T16:32:08-08:00,0,25
projects/index.html,15,html,bfe8eb49,Kevin Lin,2025-02-04,16:32:08,-08:00,2025-02-04T16:32:08-08:00,0,55
projects/index.html,16,html,bfe8eb49,Kevin Lin,2025-02-04,16:32:08,-08:00,2025-02-04T16:32:08-08:00,0,29
projects/index.html,17,html,bfe8eb49,Kevin Lin,2025-02-04,16:32:08,-08:00,2025-02-04T16:32:08-08:00,0,23
projects/index.html,18,html,bfe8eb49,Kevin Lin,2025-02-04,16:32:08,-08:00,2025-02-04T16:32:08-08:00,0,5
projects/index.html,19,html,bfe8eb49,Kevin Lin,2025-02-04,16:32:08,-08:00,2025-02-04T16:32:08-08:00,0,5
projects/index.html,20,html,bfe8eb49,Kevin Lin,2025-02-04,16:32:08,-08:00,2025-02-04T16:32:08-08:00,0,5
projects/index.html,21,html,bfe8eb49,Kevin Lin,2025-02-04,16:32:08,-08:00,2025-02-04T16:32:08-08:00,0,16
projects/index.html,22,html,bfe8eb49,Kevin Lin,2025-02-04,16:32:08,-08:00,2025-02-04T16:32:08-08:00,0,12
projects/index.html,23,html,bfe8eb49,Kevin Lin,2025-02-04,16:32:08,-08:00,2025-02-04T16:32:08-08:00,0,27
projects/index.html,24,html,bfe8eb49,Kevin Lin,2025-02-04,16:32:08,-08:00,2025-02-04T16:32:08-08:00,0,32
projects/index.html,25,html,bfe8eb49,Kevin Lin,2025-02-04,16:32:08,-08:00,2025-02-04T16:32:08-08:00,0,1
projects/index.html,26,html,30c2675f,Kevin Lin,2025-02-03,15:25:05,-08:00,2025-02-03T15:25:05-08:00,0,27
projects/index.html,27,html,2972464a,Kevin Lin,2025-01-08,23:55:01,-08:00,2025-01-08T23:55:01-08:00,0,6
projects/index.html,28,html,30c2675f,Kevin Lin,2025-02-03,15:25:05,-08:00,2025-02-03T15:25:05-08:00,0,6
meta/main.js,1,js,5da1a666,Kevin Lin,2025-02-14,17:43:42,-08:00,2025-02-14T17:43:42-08:00,0,18
meta/main.js,2,js,5da1a666,Kevin Lin,2025-02-14,17:43:42,-08:00,2025-02-14T17:43:42-08:00,0,13
meta/main.js,3,js,5da1a666,Kevin Lin,2025-02-14,17:43:42,-08:00,2025-02-14T17:43:42-08:00,0,16
meta/main.js,4,js,5da1a666,Kevin Lin,2025-02-14,17:43:42,-08:00,2025-02-14T17:43:42-08:00,0,10
meta/main.js,5,js,5da1a666,Kevin Lin,2025-02-14,17:43:42,-08:00,2025-02-14T17:43:42-08:00,0,10
meta/main.js,6,js,5da1a666,Kevin Lin,2025-02-14,17:43:42,-08:00,2025-02-14T17:43:42-08:00,0,0
meta/main.js,7,js,5da1a666,Kevin Lin,2025-02-14,17:43:42,-08:00,2025-02-14T17:43:42-08:00,0,27
meta/main.js,8,js,5da1a666,Kevin Lin,2025-02-14,17:43:42,-08:00,2025-02-14T17:43:42-08:00,0,26
meta/main.js,9,js,5da1a666,Kevin Lin,2025-02-14,17:43:42,-08:00,2025-02-14T17:43:42-08:00,0,41
meta/main.js,10,js,5da1a666,Kevin Lin,2025-02-14,17:43:42,-08:00,2025-02-14T17:43:42-08:00,0,6
meta/main.js,11,js,5da1a666,Kevin Lin,2025-02-14,17:43:42,-08:00,2025-02-14T17:43:42-08:00,0,22
meta/main.js,12,js,5da1a666,Kevin Lin,2025-02-14,17:43:42,-08:00,2025-02-14T17:43:42-08:00,0,24
meta/main.js,13,js,5da1a666,Kevin Lin,2025-02-14,17:43:42,-08:00,2025-02-14T17:43:42-08:00,0,26
meta/main.js,14,js,5da1a666,Kevin Lin,2025-02-14,17:43:42,-08:00,2025-02-14T17:43:42-08:00,0,50
meta/main.js,15,js,5da1a666,Kevin Lin,2025-02-14,17:43:42,-08:00,2025-02-14T17:43:42-08:00,0,32
meta/main.js,16,js,5da1a666,Kevin Lin,2025-02-14,17:43:42,-08:00,2025-02-14T17:43:42-08:00,0,3
meta/main.js,17,js,5da1a666,Kevin Lin,2025-02-14,17:43:42,-08:00,2025-02-14T17:43:42-08:00,0,0
meta/main.js,18,js,5da1a666,Kevin Lin,2025-02-14,17:43:42,-08:00,2025-02-14T17:43:42-08:00,0,16
meta/main.js,19,js,5da1a666,Kevin Lin,2025-02-14,17:43:42,-08:00,2025-02-14T17:43:42-08:00,0,14
meta/main.js,20,js,5da1a666,Kevin Lin,2025-02-14,17:43:42,-08:00,2025-02-14T17:43:42-08:00,0,19
meta/main.js,21,js,5da1a666,Kevin Lin,2025-02-14,17:43:42,-08:00,2025-02-14T17:43:42-08:00,0,0
meta/main.js,22,js,5da1a666,Kevin Lin,2025-02-14,17:43:42,-08:00,2025-02-14T17:43:42-08:00,0,0
meta/main.js,23,js,5da1a666,Kevin Lin,2025-02-14,17:43:42,-08:00,2025-02-14T17:43:42-08:00,0,21
meta/main.js,24,js,5da1a666,Kevin Lin,2025-02-14,17:43:42,-08:00,2025-02-14T17:43:42-08:00,0,26
meta/main.js,25,js,5da1a666,Kevin Lin,2025-02-14,17:43:42,-08:00,2025-02-14T17:43:42-08:00,0,39
meta/main.js,26,js,5da1a666,Kevin Lin,2025-02-14,17:43:42,-08:00,2025-02-14T17:43:42-08:00,0,26
meta/main.js,27,js,5da1a666,Kevin Lin,2025-02-14,17:43:42,-08:00,2025-02-14T17:43:42-08:00,0,20
meta/main.js,28,js,5da1a666,Kevin Lin,2025-02-14,17:43:42,-08:00,2025-02-14T17:43:42-08:00,0,54
meta/main.js,29,js,5da1a666,Kevin Lin,2025-02-14,17:43:42,-08:00,2025-02-14T17:43:42-08:00,0,0
meta/main.js,30,js,5da1a666,Kevin Lin,2025-02-14,17:43:42,-08:00,2025-02-14T17:43:42-08:00,0,10
meta/main.js,31,js,5da1a666,Kevin Lin,2025-02-14,17:43:42,-08:00,2025-02-14T17:43:42-08:00,0,10
meta/main.js,32,js,5da1a666,Kevin Lin,2025-02-14,17:43:42,-08:00,2025-02-14T17:43:42-08:00,0,52
meta/main.js,33,js,5da1a666,Kevin Lin,2025-02-14,17:43:42,-08:00,2025-02-14T17:43:42-08:00,0,6
meta/main.js,34,js,5da1a666,Kevin Lin,2025-02-14,17:43:42,-08:00,2025-02-14T17:43:42-08:00,0,4
meta/main.js,35,js,5da1a666,Kevin Lin,2025-02-14,17:43:42,-08:00,2025-02-14T17:43:42-08:00,0,4
meta/main.js,36,js,5da1a666,Kevin Lin,2025-02-14,17:43:42,-08:00,2025-02-14T17:43:42-08:00,0,8
meta/main.js,37,js,5da1a666,Kevin Lin,2025-02-14,17:43:42,-08:00,2025-02-14T17:43:42-08:00,0,8
meta/main.js,38,js,5da1a666,Kevin Lin,2025-02-14,17:43:42,-08:00,2025-02-14T17:43:42-08:00,0,58
meta/main.js,39,js,5da1a666,Kevin Lin,2025-02-14,17:43:42,-08:00,2025-02-14T17:43:42-08:00,0,24
meta/main.js,40,js,5da1a666,Kevin Lin,2025-02-14,17:43:42,-08:00,2025-02-14T17:43:42-08:00,0,1
meta/main.js,41,js,5da1a666,Kevin Lin,2025-02-14,17:43:42,-08:00,2025-02-14T17:43:42-08:00,0,0
meta/main.js,42,js,5da1a666,Kevin Lin,2025-02-14,17:43:42,-08:00,2025-02-14T17:43:42-08:00,0,36
meta/main.js,43,js,5da1a666,Kevin Lin,2025-02-14,17:43:42,-08:00,2025-02-14T17:43:42-08:00,0,12
meta/main.js,44,js,5da1a666,Kevin Lin,2025-02-14,17:43:42,-08:00,2025-02-14T17:43:42-08:00,0,2
meta/main.js,45,js,5da1a666,Kevin Lin,2025-02-14,17:43:42,-08:00,2025-02-14T17:43:42-08:00,0,0
meta/main.js,46,js,5da1a666,Kevin Lin,2025-02-14,17:43:42,-08:00,2025-02-14T17:43:42-08:00,0,10
meta/main.js,47,js,5da1a666,Kevin Lin,2025-02-14,17:43:42,-08:00,2025-02-14T17:43:42-08:00,0,2
meta/main.js,48,js,5da1a666,Kevin Lin,2025-02-14,17:43:42,-08:00,2025-02-14T17:43:42-08:00,0,0
meta/main.js,49,js,5da1a666,Kevin Lin,2025-02-14,17:43:42,-08:00,2025-02-14T17:43:42-08:00,0,0
meta/main.js,50,js,5da1a666,Kevin Lin,2025-02-14,17:43:42,-08:00,2025-02-14T17:43:42-08:00,0,15
meta/main.js,51,js,5da1a666,Kevin Lin,2025-02-14,17:43:42,-08:00,2025-02-14T17:43:42-08:00,0,24
meta/main.js,52,js,5da1a666,Kevin Lin,2025-02-14,17:43:42,-08:00,2025-02-14T17:43:42-08:00,0,16
meta/main.js,53,js,5da1a666,Kevin Lin,2025-02-14,17:43:42,-08:00,2025-02-14T17:43:42-08:00,0,0
meta/main.js,54,js,5da1a666,Kevin Lin,2025-02-14,17:43:42,-08:00,2025-02-14T17:43:42-08:00,0,66
meta/main.js,55,js,5da1a666,Kevin Lin,2025-02-14,17:43:42,-08:00,2025-02-14T17:43:42-08:00,0,0
meta/main.js,56,js,5da1a666,Kevin Lin,2025-02-14,17:43:42,-08:00,2025-02-14T17:43:42-08:00,0,69
meta/main.js,57,js,5da1a666,Kevin Lin,2025-02-14,17:43:42,-08:00,2025-02-14T17:43:42-08:00,0,33
meta/main.js,58,js,5da1a666,Kevin Lin,2025-02-14,17:43:42,-08:00,2025-02-14T17:43:42-08:00,0,0
meta/main.js,59,js,5da1a666,Kevin Lin,2025-02-14,17:43:42,-08:00,2025-02-14T17:43:42-08:00,0,32
meta/main.js,60,js,5da1a666,Kevin Lin,2025-02-14,17:43:42,-08:00,2025-02-14T17:43:42-08:00,0,36
meta/main.js,61,js,5da1a666,Kevin Lin,2025-02-14,17:43:42,-08:00,2025-02-14T17:43:42-08:00,0,0
meta/main.js,62,js,5da1a666,Kevin Lin,2025-02-14,17:43:42,-08:00,2025-02-14T17:43:42-08:00,0,51
meta/main.js,63,js,5da1a666,Kevin Lin,2025-02-14,17:43:42,-08:00,2025-02-14T17:43:42-08:00,0,30
meta/main.js,64,js,5da1a666,Kevin Lin,2025-02-14,17:43:42,-08:00,2025-02-14T17:43:42-08:00,0,27
meta/main.js,65,js,5da1a666,Kevin Lin,2025-02-14,17:43:42,-08:00,2025-02-14T17:43:42-08:00,0,0
meta/main.js,66,js,5da1a666,Kevin Lin,2025-02-14,17:43:42,-08:00,2025-02-14T17:43:42-08:00,0,30
meta/main.js,67,js,5da1a666,Kevin Lin,2025-02-14,17:43:42,-08:00,2025-02-14T17:43:42-08:00,0,4
meta/main.js,68,js,5da1a666,Kevin Lin,2025-02-14,17:43:42,-08:00,2025-02-14T17:43:42-08:00,0,31
meta/main.js,69,js,5da1a666,Kevin Lin,2025-02-14,17:43:42,-08:00,2025-02-14T17:43:42-08:00,0,12
meta/main.js,70,js,5da1a666,Kevin Lin,2025-02-14,17:43:42,-08:00,2025-02-14T17:43:42-08:00,0,1
meta/main.js,71,js,5da1a666,Kevin Lin,2025-02-14,17:43:42,-08:00,2025-02-14T17:43:42-08:00,0,59
meta/main.js,72,js,5da1a666,Kevin Lin,2025-02-14,17:43:42,-08:00,2025-02-14T17:43:42-08:00,0,44
meta/main.js,73,js,5da1a666,Kevin Lin,2025-02-14,17:43:42,-08:00,2025-02-14T17:43:42-08:00,0,39
meta/main.js,74,js,5da1a666,Kevin Lin,2025-02-14,17:43:42,-08:00,2025-02-14T17:43:42-08:00,0,0
meta/main.js,75,js,5da1a666,Kevin Lin,2025-02-14,17:43:42,-08:00,2025-02-14T17:43:42-08:00,0,31
meta/main.js,76,js,5da1a666,Kevin Lin,2025-02-14,17:43:42,-08:00,2025-02-14T17:43:42-08:00,0,4
meta/main.js,77,js,5da1a666,Kevin Lin,2025-02-14,17:43:42,-08:00,2025-02-14T17:43:42-08:00,0,15
meta/main.js,78,js,5da1a666,Kevin Lin,2025-02-14,17:43:42,-08:00,2025-02-14T17:43:42-08:00,0,71
meta/main.js,79,js,5da1a666,Kevin Lin,2025-02-14,17:43:42,-08:00,2025-02-14T17:43:42-08:00,0,1
meta/main.js,80,js,5da1a666,Kevin Lin,2025-02-14,17:43:42,-08:00,2025-02-14T17:43:42-08:00,0,61
meta/main.js,81,js,5da1a666,Kevin Lin,2025-02-14,17:43:42,-08:00,2025-02-14T17:43:42-08:00,0,45
meta/main.js,82,js,5da1a666,Kevin Lin,2025-02-14,17:43:42,-08:00,2025-02-14T17:43:42-08:00,0,31
meta/main.js,83,js,5da1a666,Kevin Lin,2025-02-14,17:43:42,-08:00,2025-02-14T17:43:42-08:00,0,0
meta/main.js,84,js,5da1a666,Kevin Lin,2025-02-14,17:43:42,-08:00,2025-02-14T17:43:42-08:00,0,0
meta/main.js,85,js,5da1a666,Kevin Lin,2025-02-14,17:43:42,-08:00,2025-02-14T17:43:42-08:00,0,22
meta/main.js,86,js,5da1a666,Kevin Lin,2025-02-14,17:43:42,-08:00,2025-02-14T17:43:42-08:00,0,29
meta/main.js,87,js,5da1a666,Kevin Lin,2025-02-14,17:43:42,-08:00,2025-02-14T17:43:42-08:00,0,60
meta/main.js,88,js,5da1a666,Kevin Lin,2025-02-14,17:43:42,-08:00,2025-02-14T17:43:42-08:00,0,59
meta/main.js,89,js,5da1a666,Kevin Lin,2025-02-14,17:43:42,-08:00,2025-02-14T17:43:42-08:00,0,18
meta/main.js,90,js,5da1a666,Kevin Lin,2025-02-14,17:43:42,-08:00,2025-02-14T17:43:42-08:00,0,18
meta/main.js,91,js,5da1a666,Kevin Lin,2025-02-14,17:43:42,-08:00,2025-02-14T17:43:42-08:00,0,19
meta/main.js,92,js,5da1a666,Kevin Lin,2025-02-14,17:43:42,-08:00,2025-02-14T17:43:42-08:00,0,15
meta/main.js,93,js,5da1a666,Kevin Lin,2025-02-14,17:43:42,-08:00,2025-02-14T17:43:42-08:00,0,27
meta/main.js,94,js,5da1a666,Kevin Lin,2025-02-14,17:43:42,-08:00,2025-02-14T17:43:42-08:00,0,30
meta/main.js,95,js,5da1a666,Kevin Lin,2025-02-14,17:43:42,-08:00,2025-02-14T17:43:42-08:00,0,17
meta/main.js,96,js,5da1a666,Kevin Lin,2025-02-14,17:43:42,-08:00,2025-02-14T17:43:42-08:00,0,41
meta/main.js,97,js,5da1a666,Kevin Lin,2025-02-14,17:43:42,-08:00,2025-02-14T17:43:42-08:00,0,43
meta/main.js,98,js,5da1a666,Kevin Lin,2025-02-14,17:43:42,-08:00,2025-02-14T17:43:42-08:00,0,1
meta/main.js,99,js,5da1a666,Kevin Lin,2025-02-14,17:43:42,-08:00,2025-02-14T17:43:42-08:00,0,0
meta/main.js,100,js,5da1a666,Kevin Lin,2025-02-14,17:43:42,-08:00,2025-02-14T17:43:42-08:00,0,10
meta/main.js,101,js,5da1a666,Kevin Lin,2025-02-14,17:43:42,-08:00,2025-02-14T17:43:42-08:00,0,11
meta/main.js,102,js,5da1a666,Kevin Lin,2025-02-14,17:43:42,-08:00,2025-02-14T17:43:42-08:00,0,45
meta/main.js,103,js,5da1a666,Kevin Lin,2025-02-14,17:43:42,-08:00,2025-02-14T17:43:42-08:00,0,42
meta/main.js,104,js,5da1a666,Kevin Lin,2025-02-14,17:43:42,-08:00,2025-02-14T17:43:42-08:00,0,7
meta/main.js,105,js,5da1a666,Kevin Lin,2025-02-14,17:43:42,-08:00,2025-02-14T17:43:42-08:00,0,0
meta/main.js,106,js,5da1a666,Kevin Lin,2025-02-14,17:43:42,-08:00,2025-02-14T17:43:42-08:00,0,84
meta/main.js,107,js,5da1a666,Kevin Lin,2025-02-14,17:43:42,-08:00,2025-02-14T17:43:42-08:00,0,0
meta/main.js,108,js,5da1a666,Kevin Lin,2025-02-14,17:43:42,-08:00,2025-02-14T17:43:42-08:00,0,50
meta/main.js,109,js,5da1a666,Kevin Lin,2025-02-14,17:43:42,-08:00,2025-02-14T17:43:42-08:00,0,68
meta/main.js,110,js,5da1a666,Kevin Lin,2025-02-14,17:43:42,-08:00,2025-02-14T17:43:42-08:00,0,10
meta/main.js,111,js,5da1a666,Kevin Lin,2025-02-14,17:43:42,-08:00,2025-02-14T17:43:42-08:00,0,11
meta/main.js,112,js,5da1a666,Kevin Lin,2025-02-14,17:43:42,-08:00,2025-02-14T17:43:42-08:00,0,28
meta/main.js,113,js,5da1a666,Kevin Lin,2025-02-14,17:43:42,-08:00,2025-02-14T17:43:42-08:00,0,15
meta/main.js,114,js,5da1a666,Kevin Lin,2025-02-14,17:43:42,-08:00,2025-02-14T17:43:42-08:00,0,0
meta/main.js,115,js,5da1a666,Kevin Lin,2025-02-14,17:43:42,-08:00,2025-02-14T17:43:42-08:00,0,13
meta/main.js,116,js,5da1a666,Kevin Lin,2025-02-14,17:43:42,-08:00,2025-02-14T17:43:42-08:00,0,16
meta/main.js,117,js,5da1a666,Kevin Lin,2025-02-14,17:43:42,-08:00,2025-02-14T17:43:42-08:00,0,13
meta/main.js,118,js,5da1a666,Kevin Lin,2025-02-14,17:43:42,-08:00,2025-02-14T17:43:42-08:00,0,41
meta/main.js,119,js,5da1a666,Kevin Lin,2025-02-14,17:43:42,-08:00,2025-02-14T17:43:42-08:00,0,29
meta/main.js,120,js,5da1a666,Kevin Lin,2025-02-14,17:43:42,-08:00,2025-02-14T17:43:42-08:00,0,0
meta/main.js,121,js,5da1a666,Kevin Lin,2025-02-14,17:43:42,-08:00,2025-02-14T17:43:42-08:00,0,20
meta/main.js,122,js,5da1a666,Kevin Lin,2025-02-14,17:43:42,-08:00,2025-02-14T17:43:42-08:00,0,11
meta/main.js,123,js,5da1a666,Kevin Lin,2025-02-14,17:43:42,-08:00,2025-02-14T17:43:42-08:00,0,26
meta/main.js,124,js,5da1a666,Kevin Lin,2025-02-14,17:43:42,-08:00,2025-02-14T17:43:42-08:00,0,54
meta/main.js,125,js,5da1a666,Kevin Lin,2025-02-14,17:43:42,-08:00,2025-02-14T17:43:42-08:00,0,0
meta/main.js,126,js,5da1a666,Kevin Lin,2025-02-14,17:43:42,-08:00,2025-02-14T17:43:42-08:00,0,78
meta/main.js,127,js,5da1a666,Kevin Lin,2025-02-14,17:43:42,-08:00,2025-02-14T17:43:42-08:00,0,0
meta/main.js,128,js,5da1a666,Kevin Lin,2025-02-14,17:43:42,-08:00,2025-02-14T17:43:42-08:00,0,35
meta/main.js,129,js,5da1a666,Kevin Lin,2025-02-14,17:43:42,-08:00,2025-02-14T17:43:42-08:00,0,92
meta/main.js,130,js,5da1a666,Kevin Lin,2025-02-14,17:43:42,-08:00,2025-02-14T17:43:42-08:00,0,0
meta/main.js,131,js,5da1a666,Kevin Lin,2025-02-14,17:43:42,-08:00,2025-02-14T17:43:42-08:00,0,2
meta/main.js,132,js,5da1a666,Kevin Lin,2025-02-14,17:43:42,-08:00,2025-02-14T17:43:42-08:00,0,11
meta/main.js,133,js,5da1a666,Kevin Lin,2025-02-14,17:43:42,-08:00,2025-02-14T17:43:42-08:00,0,55
meta/main.js,134,js,5da1a666,Kevin Lin,2025-02-14,17:43:42,-08:00,2025-02-14T17:43:42-08:00,0,12
meta/main.js,135,js,5da1a666,Kevin Lin,2025-02-14,17:43:42,-08:00,2025-02-14T17:43:42-08:00,0,0
meta/main.js,136,js,5da1a666,Kevin Lin,2025-02-14,17:43:42,-08:00,2025-02-14T17:43:42-08:00,0,2
meta/main.js,137,js,5da1a666,Kevin Lin,2025-02-14,17:43:42,-08:00,2025-02-14T17:43:42-08:00,0,11
meta/main.js,138,js,5da1a666,Kevin Lin,2025-02-14,17:43:42,-08:00,2025-02-14T17:43:42-08:00,0,53
meta/main.js,139,js,5da1a666,Kevin Lin,2025-02-14,17:43:42,-08:00,2025-02-14T17:43:42-08:00,0,12
meta/main.js,140,js,5da1a666,Kevin Lin,2025-02-14,17:43:42,-08:00,2025-02-14T17:43:42-08:00,0,0
meta/main.js,141,js,5da1a666,Kevin Lin,2025-02-14,17:43:42,-08:00,2025-02-14T17:43:42-08:00,0,50
meta/main.js,142,js,5da1a666,Kevin Lin,2025-02-14,17:43:42,-08:00,2025-02-14T17:43:42-08:00,0,0
meta/main.js,143,js,5da1a666,Kevin Lin,2025-02-14,17:43:42,-08:00,2025-02-14T17:43:42-08:00,0,3
meta/main.js,144,js,5da1a666,Kevin Lin,2025-02-14,17:43:42,-08:00,2025-02-14T17:43:42-08:00,0,19
meta/main.js,145,js,5da1a666,Kevin Lin,2025-02-14,17:43:42,-08:00,2025-02-14T17:43:42-08:00,0,19
meta/main.js,146,js,5da1a666,Kevin Lin,2025-02-14,17:43:42,-08:00,2025-02-14T17:43:42-08:00,0,14
meta/main.js,147,js,5da1a666,Kevin Lin,2025-02-14,17:43:42,-08:00,2025-02-14T17:43:42-08:00,0,37
meta/main.js,148,js,5da1a666,Kevin Lin,2025-02-14,17:43:42,-08:00,2025-02-14T17:43:42-08:00,0,37
meta/main.js,149,js,5da1a666,Kevin Lin,2025-02-14,17:43:42,-08:00,2025-02-14T17:43:42-08:00,0,38
meta/main.js,150,js,5da1a666,Kevin Lin,2025-02-14,17:43:42,-08:00,2025-02-14T17:43:42-08:00,0,25
meta/main.js,151,js,5da1a666,Kevin Lin,2025-02-14,17:43:42,-08:00,2025-02-14T17:43:42-08:00,0,63
meta/main.js,152,js,5da1a666,Kevin Lin,2025-02-14,17:43:42,-08:00,2025-02-14T17:43:42-08:00,0,38
meta/main.js,153,js,5da1a666,Kevin Lin,2025-02-14,17:43:42,-08:00,2025-02-14T17:43:42-08:00,0,80
meta/main.js,154,js,5da1a666,Kevin Lin,2025-02-14,17:43:42,-08:00,2025-02-14T17:43:42-08:00,0,23
meta/main.js,155,js,5da1a666,Kevin Lin,2025-02-14,17:43:42,-08:00,2025-02-14T17:43:42-08:00,0,29
meta/main.js,156,js,5da1a666,Kevin Lin,2025-02-14,17:43:42,-08:00,2025-02-14T17:43:42-08:00,0,28
meta/main.js,157,js,5da1a666,Kevin Lin,2025-02-14,17:43:42,-08:00,2025-02-14T17:43:42-08:00,0,1
meta/main.js,158,js,5da1a666,Kevin Lin,2025-02-14,17:43:42,-08:00,2025-02-14T17:43:42-08:00,0,28
meta/main.js,159,js,5da1a666,Kevin Lin,2025-02-14,17:43:42,-08:00,2025-02-14T17:43:42-08:00,0,28
meta/main.js,160,js,5da1a666,Kevin Lin,2025-02-14,17:43:42,-08:00,2025-02-14T17:43:42-08:00,0,1
meta/main.js,161,js,5da1a666,Kevin Lin,2025-02-14,17:43:42,-08:00,2025-02-14T17:43:42-08:00,0,35
meta/main.js,162,js,5da1a666,Kevin Lin,2025-02-14,17:43:42,-08:00,2025-02-14T17:43:42-08:00,0,81
meta/main.js,163,js,5da1a666,Kevin Lin,2025-02-14,17:43:42,-08:00,2025-02-14T17:43:42-08:00,0,24
meta/main.js,164,js,5da1a666,Kevin Lin,2025-02-14,17:43:42,-08:00,2025-02-14T17:43:42-08:00,0,30
meta/main.js,165,js,5da1a666,Kevin Lin,2025-02-14,17:43:42,-08:00,2025-02-14T17:43:42-08:00,0,2
meta/main.js,166,js,5da1a666,Kevin Lin,2025-02-14,17:43:42,-08:00,2025-02-14T17:43:42-08:00,0,15
meta/main.js,167,js,5da1a666,Kevin Lin,2025-02-14,17:43:42,-08:00,2025-02-14T17:43:42-08:00,0,0
meta/main.js,168,js,5da1a666,Kevin Lin,2025-02-14,17:43:42,-08:00,2025-02-14T17:43:42-08:00,0,0
meta/main.js,169,js,5da1a666,Kevin Lin,2025-02-14,17:43:42,-08:00,2025-02-14T17:43:42-08:00,0,19
meta/main.js,170,js,5da1a666,Kevin Lin,2025-02-14,17:43:42,-08:00,2025-02-14T17:43:42-08:00,0,38
meta/main.js,171,js,5da1a666,Kevin Lin,2025-02-14,17:43:42,-08:00,2025-02-14T17:43:42-08:00,0,57
meta/main.js,172,js,5da1a666,Kevin Lin,2025-02-14,17:43:42,-08:00,2025-02-14T17:43:42-08:00,0,46
meta/main.js,173,js,5da1a666,Kevin Lin,2025-02-14,17:43:42,-08:00,2025-02-14T17:43:42-08:00,0,45
meta/main.js,174,js,5da1a666,Kevin Lin,2025-02-14,17:43:42,-08:00,2025-02-14T17:43:42-08:00,0,0
meta/main.js,175,js,5da1a666,Kevin Lin,2025-02-14,17:43:42,-08:00,2025-02-14T17:43:42-08:00,0,0
meta/main.js,176,js,5da1a666,Kevin Lin,2025-02-14,17:43:42,-08:00,2025-02-14T17:43:42-08:00,0,44
meta/main.js,177,js,5da1a666,Kevin Lin,2025-02-14,17:43:42,-08:00,2025-02-14T17:43:42-08:00,0,57
meta/main.js,178,js,5da1a666,Kevin Lin,2025-02-14,17:43:42,-08:00,2025-02-14T17:43:42-08:00,0,27
meta/main.js,179,js,5da1a666,Kevin Lin,2025-02-14,17:43:42,-08:00,2025-02-14T17:43:42-08:00,0,0
meta/main.js,180,js,5da1a666,Kevin Lin,2025-02-14,17:43:42,-08:00,2025-02-14T17:43:42-08:00,0,0
meta/main.js,181,js,5da1a666,Kevin Lin,2025-02-14,17:43:42,-08:00,2025-02-14T17:43:42-08:00,0,38
meta/main.js,182,js,5da1a666,Kevin Lin,2025-02-14,17:43:42,-08:00,2025-02-14T17:43:42-08:00,0,51
meta/main.js,183,js,5da1a666,Kevin Lin,2025-02-14,17:43:42,-08:00,2025-02-14T17:43:42-08:00,0,51
meta/main.js,184,js,5da1a666,Kevin Lin,2025-02-14,17:43:42,-08:00,2025-02-14T17:43:42-08:00,0,0
meta/main.js,185,js,5da1a666,Kevin Lin,2025-02-14,17:43:42,-08:00,2025-02-14T17:43:42-08:00,0,44
meta/main.js,186,js,5da1a666,Kevin Lin,2025-02-14,17:43:42,-08:00,2025-02-14T17:43:42-08:00,0,0
meta/main.js,187,js,5da1a666,Kevin Lin,2025-02-14,17:43:42,-08:00,2025-02-14T17:43:42-08:00,0,22
meta/main.js,188,js,5da1a666,Kevin Lin,2025-02-14,17:43:42,-08:00,2025-02-14T17:43:42-08:00,0,28
meta/main.js,189,js,5da1a666,Kevin Lin,2025-02-14,17:43:42,-08:00,2025-02-14T17:43:42-08:00,0,79
meta/main.js,190,js,5da1a666,Kevin Lin,2025-02-14,17:43:42,-08:00,2025-02-14T17:43:42-08:00,0,0
meta/main.js,191,js,5da1a666,Kevin Lin,2025-02-14,17:43:42,-08:00,2025-02-14T17:43:42-08:00,0,0
meta/main.js,192,js,a0f27bfb,Kevin Lin,2025-02-14,17:49:00,-08:00,2025-02-14T17:49:00-08:00,0,0
meta/main.js,193,js,5da1a666,Kevin Lin,2025-02-14,17:43:42,-08:00,2025-02-14T17:43:42-08:00,0,25
meta/main.js,194,js,5da1a666,Kevin Lin,2025-02-14,17:43:42,-08:00,2025-02-14T17:43:42-08:00,0,41
meta/main.js,195,js,5da1a666,Kevin Lin,2025-02-14,17:43:42,-08:00,2025-02-14T17:43:42-08:00,0,62
meta/main.js,196,js,5da1a666,Kevin Lin,2025-02-14,17:43:42,-08:00,2025-02-14T17:43:42-08:00,0,55
meta/main.js,197,js,5da1a666,Kevin Lin,2025-02-14,17:43:42,-08:00,2025-02-14T17:43:42-08:00,0,0
meta/main.js,198,js,5da1a666,Kevin Lin,2025-02-14,17:43:42,-08:00,2025-02-14T17:43:42-08:00,0,0
meta/main.js,199,js,5da1a666,Kevin Lin,2025-02-14,17:43:42,-08:00,2025-02-14T17:43:42-08:00,0,25
meta/main.js,200,js,5da1a666,Kevin Lin,2025-02-14,17:43:42,-08:00,2025-02-14T17:43:42-08:00,0,0
meta/main.js,201,js,5da1a666,Kevin Lin,2025-02-14,17:43:42,-08:00,2025-02-14T17:43:42-08:00,0,24
meta/main.js,202,js,5da1a666,Kevin Lin,2025-02-14,17:43:42,-08:00,2025-02-14T17:43:42-08:00,0,32
meta/main.js,203,js,5da1a666,Kevin Lin,2025-02-14,17:43:42,-08:00,2025-02-14T17:43:42-08:00,0,17
meta/main.js,204,js,5da1a666,Kevin Lin,2025-02-14,17:43:42,-08:00,2025-02-14T17:43:42-08:00,0,22
meta/main.js,205,js,5da1a666,Kevin Lin,2025-02-14,17:43:42,-08:00,2025-02-14T17:43:42-08:00,0,25
meta/main.js,206,js,5da1a666,Kevin Lin,2025-02-14,17:43:42,-08:00,2025-02-14T17:43:42-08:00,0,0
meta/main.js,207,js,5da1a666,Kevin Lin,2025-02-14,17:43:42,-08:00,2025-02-14T17:43:42-08:00,0,0
meta/main.js,208,js,5da1a666,Kevin Lin,2025-02-14,17:43:42,-08:00,2025-02-14T17:43:42-08:00,0,34
meta/main.js,209,js,5da1a666,Kevin Lin,2025-02-14,17:43:42,-08:00,2025-02-14T17:43:42-08:00,0,33
meta/main.js,210,js,5da1a666,Kevin Lin,2025-02-14,17:43:42,-08:00,2025-02-14T17:43:42-08:00,0,64
meta/main.js,211,js,5da1a666,Kevin Lin,2025-02-14,17:43:42,-08:00,2025-02-14T17:43:42-08:00,0,64
meta/main.js,212,js,5da1a666,Kevin Lin,2025-02-14,17:43:42,-08:00,2025-02-14T17:43:42-08:00,0,33
meta/main.js,213,js,5da1a666,Kevin Lin,2025-02-14,17:43:42,-08:00,2025-02-14T17:43:42-08:00,0,33
meta/main.js,214,js,5da1a666,Kevin Lin,2025-02-14,17:43:42,-08:00,2025-02-14T17:43:42-08:00,0,59
meta/main.js,215,js,5da1a666,Kevin Lin,2025-02-14,17:43:42,-08:00,2025-02-14T17:43:42-08:00,0,0
meta/main.js,216,js,5da1a666,Kevin Lin,2025-02-14,17:43:42,-08:00,2025-02-14T17:43:42-08:00,0,0
meta/main.js,217,js,5da1a666,Kevin Lin,2025-02-14,17:43:42,-08:00,2025-02-14T17:43:42-08:00,0,27
meta/main.js,218,js,5da1a666,Kevin Lin,2025-02-14,17:43:42,-08:00,2025-02-14T17:43:42-08:00,0,70
meta/main.js,219,js,5da1a666,Kevin Lin,2025-02-14,17:43:42,-08:00,2025-02-14T17:43:42-08:00,0,0
meta/main.js,220,js,5da1a666,Kevin Lin,2025-02-14,17:43:42,-08:00,2025-02-14T17:43:42-08:00,0,0
meta/main.js,221,js,5da1a666,Kevin Lin,2025-02-14,17:43:42,-08:00,2025-02-14T17:43:42-08:00,0,32
meta/main.js,222,js,5da1a666,Kevin Lin,2025-02-14,17:43:42,-08:00,2025-02-14T17:43:42-08:00,0,37
meta/main.js,223,js,5da1a666,Kevin Lin,2025-02-14,17:43:42,-08:00,2025-02-14T17:43:42-08:00,0,33
meta/main.js,224,js,5da1a666,Kevin Lin,2025-02-14,17:43:42,-08:00,2025-02-14T17:43:42-08:00,0,4
meta/main.js,225,js,5da1a666,Kevin Lin,2025-02-14,17:43:42,-08:00,2025-02-14T17:43:42-08:00,0,0
meta/main.js,226,js,5da1a666,Kevin Lin,2025-02-14,17:43:42,-08:00,2025-02-14T17:43:42-08:00,0,63
meta/main.js,227,js,5da1a666,Kevin Lin,2025-02-14,17:43:42,-08:00,2025-02-14T17:43:42-08:00,0,29
meta/main.js,228,js,5da1a666,Kevin Lin,2025-02-14,17:43:42,-08:00,2025-02-14T17:43:42-08:00,0,29
meta/main.js,229,js,5da1a666,Kevin Lin,2025-02-14,17:43:42,-08:00,2025-02-14T17:43:42-08:00,0,19
meta/main.js,230,js,5da1a666,Kevin Lin,2025-02-14,17:43:42,-08:00,2025-02-14T17:43:42-08:00,0,0
meta/main.js,231,js,5da1a666,Kevin Lin,2025-02-14,17:43:42,-08:00,2025-02-14T17:43:42-08:00,0,22
meta/main.js,232,js,5da1a666,Kevin Lin,2025-02-14,17:43:42,-08:00,2025-02-14T17:43:42-08:00,0,0
meta/main.js,233,js,5da1a666,Kevin Lin,2025-02-14,17:43:42,-08:00,2025-02-14T17:43:42-08:00,0,0
meta/main.js,234,js,5da1a666,Kevin Lin,2025-02-14,17:43:42,-08:00,2025-02-14T17:43:42-08:00,0,35
meta/main.js,235,js,5da1a666,Kevin Lin,2025-02-14,17:43:42,-08:00,2025-02-14T17:43:42-08:00,0,37
meta/main.js,236,js,5da1a666,Kevin Lin,2025-02-14,17:43:42,-08:00,2025-02-14T17:43:42-08:00,0,33
meta/main.js,237,js,5da1a666,Kevin Lin,2025-02-14,17:43:42,-08:00,2025-02-14T17:43:42-08:00,0,4
meta/main.js,238,js,5da1a666,Kevin Lin,2025-02-14,17:43:42,-08:00,2025-02-14T17:43:42-08:00,0,63
meta/main.js,239,js,5da1a666,Kevin Lin,2025-02-14,17:43:42,-08:00,2025-02-14T17:43:42-08:00,0,0
meta/main.js,240,js,5da1a666,Kevin Lin,2025-02-14,17:43:42,-08:00,2025-02-14T17:43:42-08:00,0,34
meta/main.js,241,js,5da1a666,Kevin Lin,2025-02-14,17:43:42,-08:00,2025-02-14T17:43:42-08:00,0,24
meta/main.js,242,js,5da1a666,Kevin Lin,2025-02-14,17:43:42,-08:00,2025-02-14T17:43:42-08:00,0,6
meta/main.js,243,js,5da1a666,Kevin Lin,2025-02-14,17:43:42,-08:00,2025-02-14T17:43:42-08:00,0,0
meta/main.js,244,js,5da1a666,Kevin Lin,2025-02-14,17:43:42,-08:00,2025-02-14T17:43:42-08:00,0,74
meta/main.js,245,js,5da1a666,Kevin Lin,2025-02-14,17:43:42,-08:00,2025-02-14T17:43:42-08:00,0,53
meta/main.js,246,js,5da1a666,Kevin Lin,2025-02-14,17:43:42,-08:00,2025-02-14T17:43:42-08:00,0,0
meta/main.js,247,js,5da1a666,Kevin Lin,2025-02-14,17:43:42,-08:00,2025-02-14T17:43:42-08:00,0,43
meta/main.js,248,js,5da1a666,Kevin Lin,2025-02-14,17:43:42,-08:00,2025-02-14T17:43:42-08:00,0,27
meta/main.js,249,js,5da1a666,Kevin Lin,2025-02-14,17:43:42,-08:00,2025-02-14T17:43:42-08:00,0,5
meta/main.js,250,js,5da1a666,Kevin Lin,2025-02-14,17:43:42,-08:00,2025-02-14T17:43:42-08:00,0,15
meta/main.js,251,js,5da1a666,Kevin Lin,2025-02-14,17:43:42,-08:00,2025-02-14T17:43:42-08:00,0,12
meta/main.js,252,js,5da1a666,Kevin Lin,2025-02-14,17:43:42,-08:00,2025-02-14T17:43:42-08:00,0,1
meta/main.js,253,js,5da1a666,Kevin Lin,2025-02-14,17:43:42,-08:00,2025-02-14T17:43:42-08:00,0,0
meta/main.js,254,js,5da1a666,Kevin Lin,2025-02-14,17:43:42,-08:00,2025-02-14T17:43:42-08:00,0,27
meta/main.js,255,js,5da1a666,Kevin Lin,2025-02-14,17:43:42,-08:00,2025-02-14T17:43:42-08:00,0,24
meta/main.js,256,js,5da1a666,Kevin Lin,2025-02-14,17:43:42,-08:00,2025-02-14T17:43:42-08:00,0,0
meta/main.js,257,js,5da1a666,Kevin Lin,2025-02-14,17:43:42,-08:00,2025-02-14T17:43:42-08:00,0,43
meta/main.js,258,js,5da1a666,Kevin Lin,2025-02-14,17:43:42,-08:00,2025-02-14T17:43:42-08:00,0,39
meta/main.js,259,js,5da1a666,Kevin Lin,2025-02-14,17:43:42,-08:00,2025-02-14T17:43:42-08:00,0,47
meta/main.js,260,js,5da1a666,Kevin Lin,2025-02-14,17:43:42,-08:00,2025-02-14T17:43:42-08:00,0,0
meta/main.js,261,js,5da1a666,Kevin Lin,2025-02-14,17:43:42,-08:00,2025-02-14T17:43:42-08:00,0,23
meta/main.js,262,js,5da1a666,Kevin Lin,2025-02-14,17:43:42,-08:00,2025-02-14T17:43:42-08:00,0,19
meta/main.js,263,js,5da1a666,Kevin Lin,2025-02-14,17:43:42,-08:00,2025-02-14T17:43:42-08:00,0,37
meta/main.js,264,js,5da1a666,Kevin Lin,2025-02-14,17:43:42,-08:00,2025-02-14T17:43:42-08:00,0,1
meta/main.js,265,js,5da1a666,Kevin Lin,2025-02-14,17:43:42,-08:00,2025-02-14T17:43:42-08:00,0,0
meta/main.js,266,js,5da1a666,Kevin Lin,2025-02-14,17:43:42,-08:00,2025-02-14T17:43:42-08:00,0,0
meta/main.js,267,js,5da1a666,Kevin Lin,2025-02-14,17:43:42,-08:00,2025-02-14T17:43:42-08:00,0,16
meta/main.js,268,js,5da1a666,Kevin Lin,2025-02-14,17:43:42,-08:00,2025-02-14T17:43:42-08:00,0,0
meta/main.js,269,js,5da1a666,Kevin Lin,2025-02-14,17:43:42,-08:00,2025-02-14T17:43:42-08:00,0,0
meta/main.js,270,js,5da1a666,Kevin Lin,2025-02-14,17:43:42,-08:00,2025-02-14T17:43:42-08:00,0,58
meta/main.js,271,js,5da1a666,Kevin Lin,2025-02-14,17:43:42,-08:00,2025-02-14T17:43:42-08:00,0,16
meta/main.js,272,js,5da1a666,Kevin Lin,2025-02-14,17:43:42,-08:00,2025-02-14T17:43:42-08:00,0,2
meta/index.html,1,html,77020a5d,Kevin Lin,2025-02-14,13:33:07,-08:00,2025-02-14T13:33:07-08:00,0,14
meta/index.html,2,html,77020a5d,Kevin Lin,2025-02-14,13:33:07,-08:00,2025-02-14T13:33:07-08:00,0,15
meta/index.html,3,html,77020a5d,Kevin Lin,2025-02-14,13:33:07,-08:00,2025-02-14T13:33:07-08:00,0,5
meta/index.html,4,html,77020a5d,Kevin Lin,2025-02-14,13:33:07,-08:00,2025-02-14T13:33:07-08:00,0,21
meta/index.html,5,html,77020a5d,Kevin Lin,2025-02-14,13:33:07,-08:00,2025-02-14T13:33:07-08:00,0,69
meta/index.html,6,html,5da1a666,Kevin Lin,2025-02-14,17:43:42,-08:00,2025-02-14T17:43:42-08:00,0,42
meta/index.html,7,html,5da1a666,Kevin Lin,2025-02-14,17:43:42,-08:00,2025-02-14T17:43:42-08:00,0,52
meta/index.html,8,html,5da1a666,Kevin Lin,2025-02-14,17:43:42,-08:00,2025-02-14T17:43:42-08:00,0,36
meta/index.html,9,html,a0f27bfb,Kevin Lin,2025-02-14,17:49:00,-08:00,2025-02-14T17:49:00-08:00,0,49
meta/index.html,10,html,77020a5d,Kevin Lin,2025-02-14,13:33:07,-08:00,2025-02-14T13:33:07-08:00,0,18
meta/index.html,11,html,77020a5d,Kevin Lin,2025-02-14,13:33:07,-08:00,2025-02-14T13:33:07-08:00,0,6
meta/index.html,12,html,77020a5d,Kevin Lin,2025-02-14,13:33:07,-08:00,2025-02-14T13:33:07-08:00,0,5
meta/index.html,13,html,5da1a666,Kevin Lin,2025-02-14,17:43:42,-08:00,2025-02-14T17:43:42-08:00,0,21
meta/index.html,14,html,5da1a666,Kevin Lin,2025-02-14,17:43:42,-08:00,2025-02-14T17:43:42-08:00,0,30
meta/index.html,15,html,5da1a666,Kevin Lin,2025-02-14,17:43:42,-08:00,2025-02-14T17:43:42-08:00,0,21
meta/index.html,16,html,5da1a666,Kevin Lin,2025-02-14,17:43:42,-08:00,2025-02-14T17:43:42-08:00,0,44
meta/index.html,17,html,5da1a666,Kevin Lin,2025-02-14,17:43:42,-08:00,2025-02-14T17:43:42-08:00,0,14
meta/index.html,18,html,5da1a666,Kevin Lin,2025-02-14,17:43:42,-08:00,2025-02-14T17:43:42-08:00,0,3
meta/index.html,19,html,5da1a666,Kevin Lin,2025-02-14,17:43:42,-08:00,2025-02-14T17:43:42-08:00,0,47
meta/index.html,20,html,5da1a666,Kevin Lin,2025-02-14,17:43:42,-08:00,2025-02-14T17:43:42-08:00,0,4
meta/index.html,21,html,5da1a666,Kevin Lin,2025-02-14,17:43:42,-08:00,2025-02-14T17:43:42-08:00,0,0
meta/index.html,22,html,5da1a666,Kevin Lin,2025-02-14,17:43:42,-08:00,2025-02-14T17:43:42-08:00,0,12
meta/index.html,23,html,5da1a666,Kevin Lin,2025-02-14,17:43:42,-08:00,2025-02-14T17:43:42-08:00,0,25
meta/index.html,24,html,5da1a666,Kevin Lin,2025-02-14,17:43:42,-08:00,2025-02-14T17:43:42-08:00,0,0
meta/index.html,25,html,5da1a666,Kevin Lin,2025-02-14,17:43:42,-08:00,2025-02-14T17:43:42-08:00,0,39
meta/index.html,26,html,5da1a666,Kevin Lin,2025-02-14,17:43:42,-08:00,2025-02-14T17:43:42-08:00,0,4
meta/index.html,27,html,5da1a666,Kevin Lin,2025-02-14,17:43:42,-08:00,2025-02-14T17:43:42-08:00,0,46
meta/index.html,28,html,5da1a666,Kevin Lin,2025-02-14,17:43:42,-08:00,2025-02-14T17:43:42-08:00,0,46
meta/index.html,29,html,77020a5d,Kevin Lin,2025-02-14,13:33:07,-08:00,2025-02-14T13:33:07-08:00,0,6
meta/index.html,30,html,77020a5d,Kevin Lin,2025-02-14,13:33:07,-08:00,2025-02-14T13:33:07-08:00,0,6
contact/index.html,1,html,2972464a,Kevin Lin,2025-01-08,23:55:01,-08:00,2025-01-08T23:55:01-08:00,0,14
contact/index.html,2,html,745ada14,Kevin Lin,2025-01-22,22:36:44,-08:00,2025-01-22T22:36:44-08:00,0,49
contact/index.html,3,html,2972464a,Kevin Lin,2025-01-08,23:55:01,-08:00,2025-01-08T23:55:01-08:00,0,15
contact/index.html,4,html,2972464a,Kevin Lin,2025-01-08,23:55:01,-08:00,2025-01-08T23:55:01-08:00,0,5
contact/index.html,5,html,2972464a,Kevin Lin,2025-01-08,23:55:01,-08:00,2025-01-08T23:55:01-08:00,0,21
contact/index.html,6,html,2972464a,Kevin Lin,2025-01-08,23:55:01,-08:00,2025-01-08T23:55:01-08:00,0,69
contact/index.html,7,html,daf1b536,Kevin Lin,2025-01-15,23:43:21,-08:00,2025-01-15T23:43:21-08:00,0,42
contact/index.html,8,html,2972464a,Kevin Lin,2025-01-08,23:55:01,-08:00,2025-01-08T23:55:01-08:00,0,21
contact/index.html,9,html,2972464a,Kevin Lin,2025-01-08,23:55:01,-08:00,2025-01-08T23:55:01-08:00,0,6
contact/index.html,10,html,2972464a,Kevin Lin,2025-01-08,23:55:01,-08:00,2025-01-08T23:55:01-08:00,0,5
contact/index.html,11,html,2972464a,Kevin Lin,2025-01-08,23:55:01,-08:00,2025-01-08T23:55:01-08:00,0,15
contact/index.html,12,html,eb0587d6,Kevin Lin,2025-01-09,00:40:23,-08:00,2025-01-09T00:40:23-08:00,0,0
contact/index.html,13,html,30cce6a9,Kevin Lin,2025-01-24,13:45:15,-08:00,2025-01-24T13:45:15-08:00,0,36
contact/index.html,14,html,eb0587d6,Kevin Lin,2025-01-09,00:40:23,-08:00,2025-01-09T00:40:23-08:00,0,32
contact/index.html,15,html,30cce6a9,Kevin Lin,2025-01-24,13:45:15,-08:00,2025-01-24T13:45:15-08:00,0,43
contact/index.html,16,html,eb0587d6,Kevin Lin,2025-01-09,00:40:23,-08:00,2025-01-09T00:40:23-08:00,0,36
contact/index.html,17,html,30cce6a9,Kevin Lin,2025-01-24,13:45:15,-08:00,2025-01-24T13:45:15-08:00,0,46
contact/index.html,18,html,7a6842f2,Kevin Lin,2025-01-09,01:20:38,-08:00,2025-01-09T01:20:38-08:00,0,30
contact/index.html,19,html,30cce6a9,Kevin Lin,2025-01-24,13:45:15,-08:00,2025-01-24T13:45:15-08:00,0,42
contact/index.html,20,html,30cce6a9,Kevin Lin,2025-01-24,13:45:15,-08:00,2025-01-24T13:45:15-08:00,0,36
contact/index.html,21,html,eb0587d6,Kevin Lin,2025-01-09,00:40:23,-08:00,2025-01-09T00:40:23-08:00,0,6
contact/index.html,22,html,2972464a,Kevin Lin,2025-01-08,23:55:01,-08:00,2025-01-08T23:55:01-08:00,0,6
contact/index.html,23,html,2972464a,Kevin Lin,2025-01-08,23:55:01,-08:00,2025-01-08T23:55:01-08:00,0,6
